PROVINCIA_CODIGO,PROVINCIA_NOMBRE,CANTON_CODIGO,CANTON_NOMBRE,PARROQUIA_CODIGO,PARROQUIA_NOMBRE,PARROQUIA_ESTADO
1,AZUAY,260,CUENCA,285,BANOS,RURAL
1,AZUAY,260,CUENCA,730,CUMBE,RURAL
1,AZUAY,260,CUENCA,845,CHAUCHA/ANGAS,RURAL
1,AZUAY,260,CUENCA,860,CHECA JIDCAY,RURAL
1,AZUAY,260,CUENCA,905,CHIQUINTAD,RURAL
1,AZUAY,260,CUENCA,2255,LLACAO,RURAL
1,AZUAY,260,CUENCA,2430,MOLLETURO,RURAL
1,AZUAY,260,CUENCA,2570,MULTI NULTI,RURAL
1,AZUAY,260,CUENCA,2595,OCTAVIO CORDERO P.,RURAL
1,AZUAY,260,CUENCA,2680,PACCHA,RURAL
1,AZUAY,260,CUENCA,3105,QUINGEO,RURAL
1,AZUAY,260,CUENCA,3165,RICAURTE,RURAL
1,AZUAY,260,CUENCA,3460,SAN JOAQUIN,RURAL
1,AZUAY,260,CUENCA,3685,SANTA ANA,RURAL
1,AZUAY,260,CUENCA,3795,SAYAUSI,RURAL
1,AZUAY,260,CUENCA,3850,SIDCAY,RURAL
1,AZUAY,260,CUENCA,3870,SININCAY,RURAL
1,AZUAY,260,CUENCA,3980,TARQUI,RURAL
1,AZUAY,260,CUENCA,4095,TURI,RURAL
1,AZUAY,260,CUENCA,4200,VALLE,RURAL
1,AZUAY,260,CUENCA,4225,VICTORIA DEL PORT.,RURAL
1,AZUAY,260,CUENCA,5075,BELLAVISTA,URBANA
1,AZUAY,260,CUENCA,5080,CANARIBAMBA,URBANA
1,AZUAY,260,CUENCA,5135,EL BATAN,URBANA
1,AZUAY,260,CUENCA,5140,MACHANGARA,URBANA
1,AZUAY,260,CUENCA,5290,MONAY,URBANA
1,AZUAY,260,CUENCA,5330,EL VECINO,URBANA
1,AZUAY,260,CUENCA,5360,TOTORACOCHA,URBANA
1,AZUAY,260,CUENCA,5370,YANUNCAY,URBANA
1,AZUAY,260,CUENCA,5450,HUAYNACAPAC,URBANA
1,AZUAY,260,CUENCA,5875,RAMIREZ DAVALOS,URBANA
1,AZUAY,260,CUENCA,5905,SAGRARIO,URBANA
1,AZUAY,260,CUENCA,5930,SAN BLAS,URBANA
1,AZUAY,260,CUENCA,6010,SAN SEBASTIAN,URBANA
1,AZUAY,260,CUENCA,6090,SUCRE,URBANA
1,AZUAY,260,CUENCA,6865,HERMANO MIGUEL,URBANA
1,AZUAY,265,GUALACEO,1005,DANIEL CORDOVA T.,RURAL
1,AZUAY,265,GUALACEO,1760,LUIS CORDERO VEGA,RURAL
1,AZUAY,265,GUALACEO,1805,JADAN,RURAL
1,AZUAY,265,GUALACEO,2385,MARIANO MORENO/CAL,RURAL
1,AZUAY,265,GUALACEO,3160,REMIGIO CRESPO T.,RURAL
1,AZUAY,265,GUALACEO,3505,SAN JUAN,RURAL
1,AZUAY,265,GUALACEO,4340,ZHIDMAD,RURAL
1,AZUAY,265,GUALACEO,5420,GUALACEO,URBANA
1,AZUAY,270,GIRON,175,ASUNCION,RURAL
1,AZUAY,270,GIRON,885,SAN GERARDO,RURAL
1,AZUAY,270,GIRON,5395,GIRON,URBANA
1,AZUAY,275,PAUTE,395,BULAN/JV.IZQUIERDO,RURAL
1,AZUAY,275,PAUTE,870,CHICAN / G.ORTEGA,RURAL
1,AZUAY,275,PAUTE,890,DUG-DUG,RURAL
1,AZUAY,275,PAUTE,1455,GUARAINAC,RURAL
1,AZUAY,275,PAUTE,3375,SAN CRISTOBAL,RURAL
1,AZUAY,275,PAUTE,4050,TOMEBAMBA,RURAL
1,AZUAY,275,PAUTE,4565,EL CABO,RURAL
1,AZUAY,275,PAUTE,5775,PAUTE,URBANA
1,AZUAY,280,SIGSIG,750,CUTCHIL,RURAL
1,AZUAY,280,SIGSIG,1355,GIMA,RURAL
1,AZUAY,280,SIGSIG,1490,GUEL,RURAL
1,AZUAY,280,SIGSIG,2215,LUDO,RURAL
1,AZUAY,280,SIGSIG,3360,SAN BARTOLOME,RURAL
1,AZUAY,280,SIGSIG,3495,SN.JOSE DE RARANGA,RURAL
1,AZUAY,280,SIGSIG,6085,SIGSIG,URBANA
1,AZUAY,285,STA.ISABEL,15,ABDON CALDERON/LA,RURAL
1,AZUAY,285,STA.ISABEL,1130,EL CARMEN DE PIJIL,RURAL
1,AZUAY,285,STA.ISABEL,3835,SHAGLLI,RURAL
1,AZUAY,285,STA.ISABEL,6045,SANTA ISABEL,URBANA
1,AZUAY,555,PUCARA,1690,SAN RAFAEL DE SHARUG,RURAL
1,AZUAY,555,PUCARA,5690,PUCARA,URBANA
1,AZUAY,556,CAMILO PONCE ENRIQUEZ,6875,CAMILO PONCE ENRIQUEZ,URBANA
1,AZUAY,780,ONA,1540,SUSUDEL,RURAL
1,AZUAY,780,ONA,6360,ONA,URBANA
1,AZUAY,855,SAN FERNANDO,4560,CHUMBLIN,RURAL
1,AZUAY,855,SAN FERNANDO,6565,SAN FERNANDO,URBANA
1,AZUAY,885,NABON,575,COCHAPATA,RURAL
1,AZUAY,885,NABON,1175,EL PROGRESO,RURAL
1,AZUAY,885,NABON,2550,NIEVES,RURAL
1,AZUAY,885,NABON,6595,NABON,URBANA
1,AZUAY,915,CHORDELEG,1535,LA UNION,RURAL
1,AZUAY,915,CHORDELEG,1575,SAN MARTIN DE PUZHIO,RURAL
1,AZUAY,915,CHORDELEG,1585,LUIS GARZA O.(DELEGSOL),RURAL
1,AZUAY,915,CHORDELEG,2950,PRINCIPAL,RURAL
1,AZUAY,915,CHORDELEG,6435,CHORDELEG,URBANA
1,AZUAY,955,SEVILLA DE ORO,85,AMALUZA,RURAL
1,AZUAY,955,SEVILLA DE ORO,2725,PALMAS,RURAL
1,AZUAY,955,SEVILLA DE ORO,6480,SEVILLA DE ORO,URBANA
1,AZUAY,960,EL PAN,1650,SAN VICENTE,RURAL
1,AZUAY,960,EL PAN,6485,EL PAN,URBANA
1,AZUAY,990,GUACHAPALA,6615,GUACHAPALA,URBANA
2,BOLIVAR,165,GUARANDA,795,SAN LUIS DE PAMBIL,RURAL
2,BOLIVAR,165,GUARANDA,1255,FACUNDO VELA,RURAL
2,BOLIVAR,165,GUARANDA,1890,JULIO E MORENO,RURAL
2,BOLIVAR,165,GUARANDA,3285,SALINAS,RURAL
2,BOLIVAR,165,GUARANDA,3545,SAN LORENZO,RURAL
2,BOLIVAR,165,GUARANDA,3670,SAN SIMON,RURAL
2,BOLIVAR,165,GUARANDA,3710,SANTA FE,RURAL
2,BOLIVAR,165,GUARANDA,3860,SIMIATUG,RURAL
2,BOLIVAR,165,GUARANDA,5035,ANGEL POLIVIO CHAV,URBANA
2,BOLIVAR,165,GUARANDA,5375,GABRIEL I VEINTIMI,URBANA
2,BOLIVAR,165,GUARANDA,6630,GUANUJO,URBANA
2,BOLIVAR,170,CHIMBO,170,ASUNCION,RURAL
2,BOLIVAR,170,CHIMBO,2315,MAGDALENA/CHAPACOT,RURAL
2,BOLIVAR,170,CHIMBO,3655,SAN SEBASTIAN,RURAL
2,BOLIVAR,170,CHIMBO,3995,TELIMBELA,RURAL
2,BOLIVAR,170,CHIMBO,5975,SAN JOSE DE CHIMBO,URBANA
2,BOLIVAR,175,SAN MIGUEL,275,BALZAPAMBA,RURAL
2,BOLIVAR,175,SAN MIGUEL,345,BILOVAN,RURAL
2,BOLIVAR,175,SAN MIGUEL,3595,SAN PABLO DE ATENA,RURAL
2,BOLIVAR,175,SAN MIGUEL,3775,SANTIAGO,RURAL
2,BOLIVAR,175,SAN MIGUEL,3900,SAN VICENTE,RURAL
2,BOLIVAR,175,SAN MIGUEL,4515,REGULO DE MORA,RURAL
2,BOLIVAR,175,SAN MIGUEL,5995,SAN MIGUEL,URBANA
2,BOLIVAR,180,CHILLANES,3500,SAN JOSE DE TAMBO,RURAL
2,BOLIVAR,180,CHILLANES,5245,CHILLANES,URBANA
2,BOLIVAR,185,ECHEANDIA,5350,ECHEANDIA,URBANA
2,BOLIVAR,760,CALUMA,6340,CALUMA/SAN ANTONIO,URBANA
2,BOLIVAR,950,LAS NAVES,6470,LAS NAVES,URBANA
2,BOLIVAR,950,LAS NAVES,6475,LAS MERCEDES,URBANA
3,CANAR,235,AZOGUES,585,COJITAMBO,RURAL
3,CANAR,235,AZOGUES,1445,GUAPAN,RURAL
3,CANAR,235,AZOGUES,1825,JAVIER LOYOLA/CHUQ,RURAL
3,CANAR,235,AZOGUES,2220,LUIS CORDERO,RURAL
3,CANAR,235,AZOGUES,2885,PINDILIG,RURAL
3,CANAR,235,AZOGUES,3210,RIVERA,RURAL
3,CANAR,235,AZOGUES,3575,SAN MIGUEL,RURAL
3,CANAR,235,AZOGUES,3945,TADAY,RURAL
3,CANAR,235,AZOGUES,5065,AZOGUES,URBANA
3,CANAR,235,AZOGUES,5950,SAN FRANCISCO,URBANA
3,CANAR,235,AZOGUES,6790,BORRERO,URBANA
3,CANAR,235,AZOGUES,6845,AURELIO BAYAS MARTINEZ,URBANA
3,CANAR,240,CANAR,935,CHONTAMARCA,RURAL
3,CANAR,240,CANAR,950,CHOROCOPTE,RURAL
3,CANAR,240,CANAR,1335,GRAL.MORALES/SOCAR,RURAL
3,CANAR,240,CANAR,1410,GUALLETURO,RURAL
3,CANAR,240,CANAR,1605,HONORATO VASQUEZ,RURAL
3,CANAR,240,CANAR,1725,INGAPIRCA,RURAL
3,CANAR,240,CANAR,1775,VENTURA,RURAL
3,CANAR,240,CANAR,1895,DUCUR,RURAL
3,CANAR,240,CANAR,1900,JUNCAL,RURAL
3,CANAR,240,CANAR,3305,SAN ANTONIO,RURAL
3,CANAR,240,CANAR,4345,ZHUD,RURAL
3,CANAR,240,CANAR,5160,CANAR,URBANA
3,CANAR,241,SUSCAL,6715,SUSCAL,URBANA
3,CANAR,245,BIBLIAN,1085,JERUSALEN,RURAL
3,CANAR,245,BIBLIAN,2545,NAZON,RURAL
3,CANAR,245,BIBLIAN,3410,SAN FCO. DE SAGEO,RURAL
3,CANAR,245,BIBLIAN,4100,TURUPAMBA,RURAL
3,CANAR,245,BIBLIAN,5115,BIBLIAN,URBANA
3,CANAR,250,LA TRONCAL,2365,MANUEL J CALLE,RURAL
3,CANAR,250,LA TRONCAL,2745,PANCHO NEGRO,RURAL
3,CANAR,250,LA TRONCAL,5610,LA TRONCAL,URBANA
3,CANAR,765,EL TAMBO,6345,EL TAMBO,URBANA
3,CANAR,905,DELEG,3875,SOLANO,RURAL
3,CANAR,905,DELEG,6425,DELEG,URBANA
4,CARCHI,5,TULCAN,1125,EL CARMELO/EL PUN/,RURAL
4,CARCHI,5,TULCAN,1195,EL CHICAL,RURAL
4,CARCHI,5,TULCAN,1765,SANTA MARTHA DE CUBA,RURAL
4,CARCHI,5,TULCAN,1885,JULIO ANDRADE,RURAL
4,CARCHI,5,TULCAN,2340,MALDONADO,RURAL
4,CARCHI,5,TULCAN,2900,PIOTER,RURAL
4,CARCHI,5,TULCAN,4040,TOBAR DONOSO,RURAL
4,CARCHI,5,TULCAN,4070,TUFINO,RURAL
4,CARCHI,5,TULCAN,4130,URBINA,RURAL
4,CARCHI,5,TULCAN,5415,GONZALEZ SUAREZ,URBANA
4,CARCHI,5,TULCAN,6165,TULCAN,URBANA
4,CARCHI,10,MONTUFAR,250,PIARTAL,RURAL
4,CARCHI,10,MONTUFAR,690,CRISTOBAL COLON,RURAL
4,CARCHI,10,MONTUFAR,910,CHITAN DE NAVARRET,RURAL
4,CARCHI,10,MONTUFAR,1270,FERNANDEZ SALVADOR,RURAL
4,CARCHI,10,MONTUFAR,2065,LA PAZ,RURAL
4,CARCHI,10,MONTUFAR,5405,GONZALEZ SUAREZ,URBANA
4,CARCHI,10,MONTUFAR,5970,SAN JOSE,URBANA
4,CARCHI,15,ESPEJO,1150,EL GOALTAL/LAS JUN,RURAL
4,CARCHI,15,ESPEJO,2040,LA LIBERTAD,RURAL
4,CARCHI,15,ESPEJO,3435,SAN ISIDRO,RURAL
4,CARCHI,15,ESPEJO,5295,EL ANGEL,URBANA
4,CARCHI,15,ESPEJO,6250,27 DE SEPTIEMBRE,URBANA
4,CARCHI,20,MIRA,1835,JIJON Y CAAMANO,RURAL
4,CARCHI,20,MIRA,1875,JUAN MONTALVO,RURAL
4,CARCHI,20,MIRA,2010,LA CONCEPCION,RURAL
4,CARCHI,20,MIRA,5685,MIRA,URBANA
4,CARCHI,25,BOLIVAR,1055,SAN RAFAEL,RURAL
4,CARCHI,25,BOLIVAR,1315,GARCIA MORENO,RURAL
4,CARCHI,25,BOLIVAR,2205,LOS ANDES,RURAL
4,CARCHI,25,BOLIVAR,2455,MONTEOLIVO,RURAL
4,CARCHI,25,BOLIVAR,3680,SAN VICENTE DE P.,RURAL
4,CARCHI,25,BOLIVAR,6520,BOLIVAR,URBANA
4,CARCHI,995,SAN PEDRO DE HUACA,1520,MARISCAL SUCRE,RURAL
4,CARCHI,995,SAN PEDRO DE HUACA,6665,HUACA,URBANA
5,COTOPAXI,100,LATACUNGA,35,ALAQUEZ,RURAL
5,COTOPAXI,100,LATACUNGA,315,BELISARIO QUEVEDO,RURAL
5,COTOPAXI,100,LATACUNGA,1485,GUAYTACAMA,RURAL
5,COTOPAXI,100,LATACUNGA,1905,JOSEGUANGO BAJO,RURAL
5,COTOPAXI,100,LATACUNGA,2480,MULALO,RURAL
5,COTOPAXI,100,LATACUNGA,2620,11 DE NOVIEMBRE,RURAL
5,COTOPAXI,100,LATACUNGA,2920,POALO,RURAL
5,COTOPAXI,100,LATACUNGA,3530,SN.JUAN DE PASTOC.,RURAL
5,COTOPAXI,100,LATACUNGA,3965,TANICUCHI,RURAL
5,COTOPAXI,100,LATACUNGA,4035,TOACAZO,RURAL
5,COTOPAXI,100,LATACUNGA,5310,ELOY ALFARO/SAN FE,URBANA
5,COTOPAXI,100,LATACUNGA,5465,IGNACIO FLORES,URBANA
5,COTOPAXI,100,LATACUNGA,5500,JUAN MONTALVO,URBANA
5,COTOPAXI,100,LATACUNGA,5555,LA MATRIZ,URBANA
5,COTOPAXI,100,LATACUNGA,5940,SAN BUENAVENTURA,URBANA
5,COTOPAXI,105,PUJILI,125,ANGAMARCA,RURAL
5,COTOPAXI,105,PUJILI,1430,GUANGAJE,RURAL
5,COTOPAXI,105,PUJILI,2150,LA VICTORIA,RURAL
5,COTOPAXI,105,PUJILI,2865,PILALO,RURAL
5,COTOPAXI,105,PUJILI,4015,TINGO,RURAL
5,COTOPAXI,105,PUJILI,4365,ZUMBAHUA,RURAL
5,COTOPAXI,105,PUJILI,5820,PUJILI,URBANA
5,COTOPAXI,110,SALCEDO,135,ANTONIO J. HOLGUIN,RURAL
5,COTOPAXI,110,SALCEDO,745,CUSUBAMBA,RURAL
5,COTOPAXI,110,SALCEDO,2475,MULALILLO,RURAL
5,COTOPAXI,110,SALCEDO,2490,MULLIQUINDIL,RURAL
5,COTOPAXI,110,SALCEDO,2760,PANZALEO,RURAL
5,COTOPAXI,110,SALCEDO,6000,SAN M. DE SALCEDO,URBANA
5,COTOPAXI,115,SAQUISILI,465,CANCHAGUA,RURAL
5,COTOPAXI,115,SAQUISILI,830,CHANTILIN,RURAL
5,COTOPAXI,115,SAQUISILI,990,COCHAPAMBA,RURAL
5,COTOPAXI,115,SAQUISILI,6070,SAQUISILI,URBANA
5,COTOPAXI,120,PANGUA,2460,MORASPUNGO,RURAL
5,COTOPAXI,120,PANGUA,2890,PINLLOPATA,RURAL
5,COTOPAXI,120,PANGUA,3155,RAMON CAMPANA,RURAL
5,COTOPAXI,120,PANGUA,5305,EL CORAZON,URBANA
5,COTOPAXI,825,LA MANA,1500,GUASAGANDA,RURAL
5,COTOPAXI,825,LA MANA,2965,PUCAYACU,RURAL
5,COTOPAXI,825,LA MANA,6535,LA MANA,URBANA
5,COTOPAXI,825,LA MANA,6880,EL CARMEN,URBANA
5,COTOPAXI,930,SIGCHOS,815,PALO QUEMADO,RURAL
5,COTOPAXI,930,SIGCHOS,960,CHUGCHILAN,RURAL
5,COTOPAXI,930,SIGCHOS,1735,ISINLIVI,RURAL
5,COTOPAXI,930,SIGCHOS,2115,LAS PAMPAS,RURAL
5,COTOPAXI,930,SIGCHOS,6450,SIGCHOS,URBANA
6,CHIMBORAZO,190,CHAMBO,5475,CHAMBO,URBANA
6,CHIMBORAZO,195,RIOBAMBA,420,CACHA,RURAL
6,CHIMBORAZO,195,RIOBAMBA,445,CALPI,RURAL
6,CHIMBORAZO,195,RIOBAMBA,705,CUBIJIES,RURAL
6,CHIMBORAZO,195,RIOBAMBA,1280,FLORES,RURAL
6,CHIMBORAZO,195,RIOBAMBA,2160,LICAN,RURAL
6,CHIMBORAZO,195,RIOBAMBA,2165,LICTO,RURAL
6,CHIMBORAZO,195,RIOBAMBA,3035,PUNGALA,RURAL
6,CHIMBORAZO,195,RIOBAMBA,3040,PUNIN,RURAL
6,CHIMBORAZO,195,RIOBAMBA,3095,QUIMIAG,RURAL
6,CHIMBORAZO,195,RIOBAMBA,3515,SAN JUAN,RURAL
6,CHIMBORAZO,195,RIOBAMBA,3560,SAN LUIS,RURAL
6,CHIMBORAZO,195,RIOBAMBA,5590,LIZARZABURU,URBANA
6,CHIMBORAZO,195,RIOBAMBA,5630,MALDONADO,URBANA
6,CHIMBORAZO,195,RIOBAMBA,6220,VELASCO,URBANA
6,CHIMBORAZO,195,RIOBAMBA,6230,VELOZ,URBANA
6,CHIMBORAZO,195,RIOBAMBA,6290,YARUQUIES,URBANA
6,CHIMBORAZO,200,GUANO,40,STA. FE DE GALAN,RURAL
6,CHIMBORAZO,200,GUANO,45,SAN JOSE DE CHAZO,RURAL
6,CHIMBORAZO,200,GUANO,410,VALPARAISO,RURAL
6,CHIMBORAZO,200,GUANO,1415,GUANANDO,RURAL
6,CHIMBORAZO,200,GUANO,1705,ILAPO,RURAL
6,CHIMBORAZO,200,GUANO,2080,LA PROVIDENCIA,RURAL
6,CHIMBORAZO,200,GUANO,3295,SAN ANDRES,RURAL
6,CHIMBORAZO,200,GUANO,3425,SAN GERARDO/PAQUIC,RURAL
6,CHIMBORAZO,200,GUANO,3450,SAN ISIDRO DE PATU,RURAL
6,CHIMBORAZO,200,GUANO,5315,EL ROSARIO,URBANA
6,CHIMBORAZO,200,GUANO,5550,LA MATRIZ,URBANA
6,CHIMBORAZO,205,COLTA,500,CANI,RURAL
6,CHIMBORAZO,205,COLTA,610,COLUMBE,RURAL
6,CHIMBORAZO,205,COLTA,1865,JUAN DE VELASCO/PO,RURAL
6,CHIMBORAZO,205,COLTA,4430,SANTIAGO DE QUITO,RURAL
6,CHIMBORAZO,205,COLTA,5145,CAJABAMBA,URBANA
6,CHIMBORAZO,205,COLTA,6080,SICALPA,URBANA
6,CHIMBORAZO,210,GUAMOTE,555,CEBADAS,RURAL
6,CHIMBORAZO,210,GUAMOTE,2730,PALMIRA,RURAL
6,CHIMBORAZO,210,GUAMOTE,5430,GUAMOTE,URBANA
6,CHIMBORAZO,215,ALAUSI,20,ACHUPALLAS,RURAL
6,CHIMBORAZO,215,ALAUSI,1465,GUASUNTOS,RURAL
6,CHIMBORAZO,215,ALAUSI,1660,HUIGRA,RURAL
6,CHIMBORAZO,215,ALAUSI,2485,MULTITUD,RURAL
6,CHIMBORAZO,215,ALAUSI,2905,PISTISHI,RURAL
6,CHIMBORAZO,215,ALAUSI,3025,PUMALLACTA,RURAL
6,CHIMBORAZO,215,ALAUSI,3820,SEVILLA,RURAL
6,CHIMBORAZO,215,ALAUSI,3845,SIBAMBE,RURAL
6,CHIMBORAZO,215,ALAUSI,4030,TIXAN,RURAL
6,CHIMBORAZO,215,ALAUSI,5010,ALAUSI,URBANA
6,CHIMBORAZO,220,CHUNCHI,515,CAPZOL,RURAL
6,CHIMBORAZO,220,CHUNCHI,615,COMPUD,RURAL
6,CHIMBORAZO,220,CHUNCHI,1370,GONZOL,RURAL
6,CHIMBORAZO,220,CHUNCHI,2260,LLAGOS,RURAL
6,CHIMBORAZO,220,CHUNCHI,5255,CHUNCHI,URBANA
6,CHIMBORAZO,225,PENIPE,925,LA CANDELARIA,RURAL
6,CHIMBORAZO,225,PENIPE,1110,EL ALTAR,RURAL
6,CHIMBORAZO,225,PENIPE,1325,BILBAO,RURAL
6,CHIMBORAZO,225,PENIPE,2400,MATUS,RURAL
6,CHIMBORAZO,225,PENIPE,2975,PUELA,RURAL
6,CHIMBORAZO,225,PENIPE,3335,SAN ANTONIO DE B.,RURAL
6,CHIMBORAZO,225,PENIPE,5740,PENIPE,URBANA
6,CHIMBORAZO,830,PALLATANGA,6540,PALLATANGA,URBANA
6,CHIMBORAZO,900,CUMANDA,6420,CUMANDA,URBANA
7,EL ORO,350,MACHALA,255,EL RETIRO,RURAL
7,EL ORO,350,MACHALA,5565,LA PROVIDENCIA,URBANA
7,EL ORO,350,MACHALA,5625,MACHALA,URBANA
7,EL ORO,350,MACHALA,5805,PUERTO BOLIVAR,URBANA
7,EL ORO,350,MACHALA,6490,9 DE MAYO,URBANA
7,EL ORO,350,MACHALA,6795,EL CAMBIO,URBANA
7,EL ORO,355,SANTA ROSA,325,BELLAVISTA,RURAL
7,EL ORO,355,SANTA ROSA,1665,BELLAMARIA,RURAL
7,EL ORO,355,SANTA ROSA,1815,JAMBELI/TEMBLEQUE,RURAL
7,EL ORO,355,SANTA ROSA,2005,LA AVANZADA,RURAL
7,EL ORO,355,SANTA ROSA,3330,SAN ANTONIO,RURAL
7,EL ORO,355,SANTA ROSA,4215,VICTORIA,RURAL
7,EL ORO,355,SANTA ROSA,4525,TORATA,RURAL
7,EL ORO,355,SANTA ROSA,6060,SANTA ROSA,URBANA
7,EL ORO,355,SANTA ROSA,6670,PUERTO JELI,URBANA
7,EL ORO,360,ZARUMA,5,ABANIN,RURAL
7,EL ORO,360,ZARUMA,1420,GUANAZAN,RURAL
7,EL ORO,360,ZARUMA,1425,GUIZHAGUINA,RURAL
7,EL ORO,360,ZARUMA,1655,HUERTAS,RURAL
7,EL ORO,360,ZARUMA,1700,SINSAO,RURAL
7,EL ORO,360,ZARUMA,1750,SALVIAS,RURAL
7,EL ORO,360,ZARUMA,2350,MALVAS,RURAL
7,EL ORO,360,ZARUMA,4445,ARCAPAMBA,RURAL
7,EL ORO,360,ZARUMA,4450,MULUNCAY GRANDE,RURAL
7,EL ORO,360,ZARUMA,6310,ZARUMA,URBANA
7,EL ORO,365,PASAJE,390,BUENAVISTA,RURAL
7,EL ORO,365,PASAJE,775,CANAQUEMADA,RURAL
7,EL ORO,365,PASAJE,1225,EL PROGRESO,RURAL
7,EL ORO,365,PASAJE,2075,LA PEANA,RURAL
7,EL ORO,365,PASAJE,4160,UZHCURRUMI,RURAL
7,EL ORO,365,PASAJE,4495,CASACAY,RURAL
7,EL ORO,365,PASAJE,5770,OCHOA LEON/MATRIZ,URBANA
7,EL ORO,365,PASAJE,6365,LOMA DE FRANCO,URBANA
7,EL ORO,365,PASAJE,6370,BOLIVAR,URBANA
7,EL ORO,365,PASAJE,6375,TRES CERRITOS,URBANA
7,EL ORO,370,PINAS,505,CAPIRO,RURAL
7,EL ORO,370,PINAS,1385,SARACAY,RURAL
7,EL ORO,370,PINAS,2230,LA BOCANA,RURAL
7,EL ORO,370,PINAS,2465,MOROMORO,RURAL
7,EL ORO,370,PINAS,2850,PIEDRAS,RURAL
7,EL ORO,370,PINAS,3650,SAN ROQUE,RURAL
7,EL ORO,370,PINAS,5790,PINAS,URBANA
7,EL ORO,370,PINAS,6675,PINAS GRANDE,URBANA
7,EL ORO,370,PINAS,6680,LA SUSAYA,URBANA
7,EL ORO,375,ARENILLAS,805,CHACRAS,RURAL
7,EL ORO,375,ARENILLAS,1695,CARCABON,RURAL
7,EL ORO,375,ARENILLAS,2715,PALMALES,RURAL
7,EL ORO,375,ARENILLAS,5040,ARENILLAS,URBANA
7,EL ORO,380,EL GUABO,245,LA IBERIA,RURAL
7,EL ORO,380,EL GUABO,300,BARBONES,RURAL
7,EL ORO,380,EL GUABO,4000,TENDALES,RURAL
7,EL ORO,380,EL GUABO,5340,EL GUABO,URBANA
7,EL ORO,585,CHILLA,5715,CHILLA,URBANA
7,EL ORO,690,PORTOVELO,740,CURTINCAPA,RURAL
7,EL ORO,690,PORTOVELO,3275,SALATI,RURAL
7,EL ORO,690,PORTOVELO,4520,MORALES,RURAL
7,EL ORO,690,PORTOVELO,5850,PORTOVELO,URBANA
7,EL ORO,695,HUAQUILLAS,5460,HUAQUILLAS,URBANA
7,EL ORO,695,HUAQUILLAS,6800,HUALTACO,URBANA
7,EL ORO,695,HUAQUILLAS,6805,MILTON REYES,URBANA
7,EL ORO,695,HUAQUILLAS,6810,EL PARAISO,URBANA
7,EL ORO,695,HUAQUILLAS,6815,ECUADOR,URBANA
7,EL ORO,695,HUAQUILLAS,6820,UNION LOJANA,URBANA
7,EL ORO,705,ATAHUALPA,225,AYAPAMBA,RURAL
7,EL ORO,705,ATAHUALPA,375,SAN JUAN DE CERRO AZUL,RURAL
7,EL ORO,705,ATAHUALPA,4480,CORDONCILLO,RURAL
7,EL ORO,705,ATAHUALPA,4530,SAN JOSE,RURAL
7,EL ORO,705,ATAHUALPA,4535,MILAGRO,RURAL
7,EL ORO,705,ATAHUALPA,5745,PACCHA,URBANA
7,EL ORO,755,LAS LAJAS,1075,SAN ISIDRO,RURAL
7,EL ORO,755,LAS LAJAS,1080,EL PARAISO,RURAL
7,EL ORO,755,LAS LAJAS,1100,LA LIBERTAD,RURAL
7,EL ORO,755,LAS LAJAS,6335,LA VICTORIA/LAS LA,URBANA
7,EL ORO,860,MARCABELI,160,EL INGENIO,RURAL
7,EL ORO,860,MARCABELI,6570,MARCABELI,URBANA
7,EL ORO,875,BALSAS,1975,BELLAMARIA,RURAL
7,EL ORO,875,BALSAS,6590,BALSAS,URBANA
8,ESMERALDAS,560,ESMERALDAS,450,CAMARONES,RURAL
8,ESMERALDAS,560,ESMERALDAS,655,CRNL.CARLOS CONCHA,RURAL
8,ESMERALDAS,560,ESMERALDAS,895,CHINCA,RURAL
8,ESMERALDAS,560,ESMERALDAS,2320,MAJUA,RURAL
8,ESMERALDAS,560,ESMERALDAS,3570,SAN MATEO,RURAL
8,ESMERALDAS,560,ESMERALDAS,3930,TABIAZO,RURAL
8,ESMERALDAS,560,ESMERALDAS,3940,TACHINA,RURAL
8,ESMERALDAS,560,ESMERALDAS,4240,VUELTA LARGA,RURAL
8,ESMERALDAS,560,ESMERALDAS,5205,BARTOLOME RUIZ,URBANA
8,ESMERALDAS,560,ESMERALDAS,5210,5 DE AGOSTO,URBANA
8,ESMERALDAS,560,ESMERALDAS,5335,ESMERALDAS,URBANA
8,ESMERALDAS,560,ESMERALDAS,5600,LUIS TELLO/PALMAS,URBANA
8,ESMERALDAS,561,RIO VERDE,930,CHONTADURO,RURAL
8,ESMERALDAS,561,RIO VERDE,965,CHUMUNDE,RURAL
8,ESMERALDAS,561,RIO VERDE,2035,LAGARTO,RURAL
8,ESMERALDAS,561,RIO VERDE,2445,MONTALVO/HORQUETA,RURAL
8,ESMERALDAS,561,RIO VERDE,3215,ROCAFUERTE,RURAL
8,ESMERALDAS,561,RIO VERDE,6720,RIO VERDE,URBANA
8,ESMERALDAS,565,ELOY ALFARO,120,ANCHAYACU,RURAL
8,ESMERALDAS,565,ELOY ALFARO,200,ATAHUALPA/CAMARONE,RURAL
8,ESMERALDAS,565,ELOY ALFARO,370,BORBON,RURAL
8,ESMERALDAS,565,ELOY ALFARO,1505,SAN JOSE DE CAYAPAS,RURAL
8,ESMERALDAS,565,ELOY ALFARO,1510,COLON ELOY DE MARIA,RURAL
8,ESMERALDAS,565,ELOY ALFARO,1515,TIMBIRE,RURAL
8,ESMERALDAS,565,ELOY ALFARO,2125,LA TOLA,RURAL
8,ESMERALDAS,565,ELOY ALFARO,2225,LUIS VARGAS TORRES,RURAL
8,ESMERALDAS,565,ELOY ALFARO,2335,MALDONADO,RURAL
8,ESMERALDAS,565,ELOY ALFARO,2670,PAMPANAL D.BOLIVAR,RURAL
8,ESMERALDAS,565,ELOY ALFARO,3405,SAN FCO. DE ONZOLE,RURAL
8,ESMERALDAS,565,ELOY ALFARO,3805,SELVA ALEGRE,RURAL
8,ESMERALDAS,565,ELOY ALFARO,4170,TELEMBI,RURAL
8,ESMERALDAS,565,ELOY ALFARO,4465,STO.DOMINGO DE ONZ,RURAL
8,ESMERALDAS,565,ELOY ALFARO,6205,VALDEZ/LIMONES/,URBANA
8,ESMERALDAS,570,MUISNE,355,BOLIVAR,RURAL
8,ESMERALDAS,570,MUISNE,1010,DAULE,RURAL
8,ESMERALDAS,570,MUISNE,1305,GALERA,RURAL
8,ESMERALDAS,570,MUISNE,3125,QUINGUE,RURAL
8,ESMERALDAS,570,MUISNE,3280,SALIMA,RURAL
8,ESMERALDAS,570,MUISNE,3390,SAN FRANCISCO,RURAL
8,ESMERALDAS,570,MUISNE,3430,SAN GREGORIO,RURAL
8,ESMERALDAS,570,MUISNE,3470,SAN JOSE DE CHAMAN,RURAL
8,ESMERALDAS,570,MUISNE,5670,MUISNE,URBANA
8,ESMERALDAS,575,QUININDE,700,CUBE/CHANCAMA,RURAL
8,ESMERALDAS,575,QUININDE,980,CHURA,RURAL
8,ESMERALDAS,575,QUININDE,1530,LA UNION,RURAL
8,ESMERALDAS,575,QUININDE,2345,MALIMPIA/GUAYLLABA,RURAL
8,ESMERALDAS,575,QUININDE,4230,VICHE,RURAL
8,ESMERALDAS,575,QUININDE,5895,ROSA ZARATE,URBANA
8,ESMERALDAS,580,SAN LORENZO,70,ALTO TAMBO/GUADAL,RURAL
8,ESMERALDAS,580,SAN LORENZO,110,ANCON/PALMA REAL,RURAL
8,ESMERALDAS,580,SAN LORENZO,435,CALDERON,RURAL
8,ESMERALDAS,580,SAN LORENZO,535,CARONDELET,RURAL
8,ESMERALDAS,580,SAN LORENZO,570,5 DE JUNIO/HUIMBI,RURAL
8,ESMERALDAS,580,SAN LORENZO,620,CONCEPCION,RURAL
8,ESMERALDAS,580,SAN LORENZO,2395,MATAJE,RURAL
8,ESMERALDAS,580,SAN LORENZO,3455,SAN JAVIER DE CACH,RURAL
8,ESMERALDAS,580,SAN LORENZO,3725,SANTA RITA,RURAL
8,ESMERALDAS,580,SAN LORENZO,3955,TAMBILLO,RURAL
8,ESMERALDAS,580,SAN LORENZO,4075,TULULBI/RICAURTE,RURAL
8,ESMERALDAS,580,SAN LORENZO,4125,URBINA,RURAL
8,ESMERALDAS,580,SAN LORENZO,6130,SAN LORENZO,URBANA
8,ESMERALDAS,785,ATACAMES,1615,TONSUPA,RURAL
8,ESMERALDAS,785,ATACAMES,2130,LA UNION,RURAL
8,ESMERALDAS,785,ATACAMES,3880,SUA/BOCANA,RURAL
8,ESMERALDAS,785,ATACAMES,4055,TONCHIGUE,RURAL
8,ESMERALDAS,785,ATACAMES,6380,ATACAMES,URBANA
9,GUAYAS,95,BALAO,5470,BALAO,URBANA
9,GUAYAS,125,COLIMES,5365,COLIMES,URBANA
9,GUAYAS,385,EL EMPALME,1470,GUAYAS/PUERTO NUEV,RURAL
9,GUAYAS,385,EL EMPALME,1640,EL ROSARIO,RURAL
9,GUAYAS,385,EL EMPALME,6225,VELASCO IBARRA,URBANA
9,GUAYAS,390,GUAYAQUIL,1870,JUAN GOMEZ RENDON,RURAL
9,GUAYAS,390,GUAYAQUIL,2470,MORRO,RURAL
9,GUAYAS,390,GUAYAQUIL,2940,POSORJA,RURAL
9,GUAYAS,390,GUAYAQUIL,3030,PUNA,RURAL
9,GUAYAS,390,GUAYAQUIL,4120,TENGUEL,RURAL
9,GUAYAS,390,GUAYAQUIL,5055,AYACUCHO,URBANA
9,GUAYAS,390,GUAYAQUIL,5125,BOLIVAR/SAGRARIO,URBANA
9,GUAYAS,390,GUAYAQUIL,5170,CARBO/CONCEPCION,URBANA
9,GUAYAS,390,GUAYAQUIL,5355,FEBRES CORDERO,URBANA
9,GUAYAS,390,GUAYAQUIL,5380,GARCIA MORENO,URBANA
9,GUAYAS,390,GUAYAQUIL,5585,LETAMENDI,URBANA
9,GUAYAS,390,GUAYAQUIL,5695,9 DE OCTUBRE,URBANA
9,GUAYAS,390,GUAYAQUIL,5720,OLMEDO/SAN ALEJO,URBANA
9,GUAYAS,390,GUAYAQUIL,5880,ROCA,URBANA
9,GUAYAS,390,GUAYAQUIL,5890,ROCAFUERTE,URBANA
9,GUAYAS,390,GUAYAQUIL,6095,SUCRE,URBANA
9,GUAYAS,390,GUAYAQUIL,6150,TARQUI,URBANA
9,GUAYAS,390,GUAYAQUIL,6185,URDANETA,URBANA
9,GUAYAS,390,GUAYAQUIL,6265,XIMENA,URBANA
9,GUAYAS,390,GUAYAQUIL,6400,CHONGON,URBANA
9,GUAYAS,390,GUAYAQUIL,6405,PASCUALES,URBANA
9,GUAYAS,395,YAGUACHI,1340,GRAL.PEDRO MONTERO,RURAL
9,GUAYAS,395,YAGUACHI,1915,VIRGEN DE FATIMA,RURAL
9,GUAYAS,395,YAGUACHI,4275,YAGUACHI VIEJO/CON,RURAL
9,GUAYAS,395,YAGUACHI,6285,YAGUACHI NUEVO,URBANA
9,GUAYAS,400,DAULE,260,LIMONAL,RURAL
9,GUAYAS,400,DAULE,1855,JUAN BAUTISTA AGUI,RURAL
9,GUAYAS,400,DAULE,2105,LAS LOJAS,RURAL
9,GUAYAS,400,DAULE,4500,LAUREL,RURAL
9,GUAYAS,400,DAULE,5275,DAULE,URBANA
9,GUAYAS,400,DAULE,6850,LA AURORA,URBANA
9,GUAYAS,405,SALINAS,115,ANCONCITO,RURAL
9,GUAYAS,405,SALINAS,1850,JOSE LUIS TAMAYO,RURAL
9,GUAYAS,405,SALINAS,5920,SALINAS,URBANA
9,GUAYAS,405,SALINAS,6270,GRAL.ALB.ENR.GALLO,URBANA
9,GUAYAS,405,SALINAS,6275,VICENTE ROCAFUERTE,URBANA
9,GUAYAS,405,SALINAS,6280,CARLOS ESPINOZA LARREA,URBANA
9,GUAYAS,410,SANTA ELENA,205,ATAHUALPA,RURAL
9,GUAYAS,410,SANTA ELENA,605,COLONCHE,RURAL
9,GUAYAS,410,SANTA ELENA,820,CHANDUY,RURAL
9,GUAYAS,410,SANTA ELENA,2355,MANGLARALTO,RURAL
9,GUAYAS,410,SANTA ELENA,3915,SIMON BOLIVAR,RURAL
9,GUAYAS,410,SANTA ELENA,5130,BALLENITA,URBANA
9,GUAYAS,410,SANTA ELENA,6040,SANTA ELENA/ANCON,URBANA
9,GUAYAS,415,BALZAR,5100,BALZAR,URBANA
9,GUAYAS,420,MILAGRO,920,CHOBO,RURAL
9,GUAYAS,420,MILAGRO,2390,MARISCAL SUCRE/HUA,RURAL
9,GUAYAS,420,MILAGRO,3235,ROBERTO ASTUDILLO,RURAL
9,GUAYAS,420,MILAGRO,5660,MILAGRO,URBANA
9,GUAYAS,425,SAMBORONDON,3975,TARIFA,RURAL
9,GUAYAS,425,SAMBORONDON,5925,SAMBORONDON,URBANA
9,GUAYAS,430,SALITRE,1350,GRAL. VERNAZA,RURAL
9,GUAYAS,430,SALITRE,1595,JUNQUILLAL,RURAL
9,GUAYAS,430,SALITRE,4220,VICTORIA,RURAL
9,GUAYAS,430,SALITRE,5120,BOCANA,URBANA
9,GUAYAS,430,SALITRE,5155,CANDILEJOS,URBANA
9,GUAYAS,430,SALITRE,5200,SALITRE,URBANA
9,GUAYAS,430,SALITRE,5765,PARAISO,URBANA
9,GUAYAS,430,SALITRE,5990,SAN MATEO,URBANA
9,GUAYAS,435,NARANJAL,1830,JESUS MARIA,RURAL
9,GUAYAS,435,NARANJAL,3370,SAN CARLOS,RURAL
9,GUAYAS,435,NARANJAL,3740,STA.ROSA DE FLANDE,RURAL
9,GUAYAS,435,NARANJAL,3990,TAURA,RURAL
9,GUAYAS,435,NARANJAL,5675,NARANJAL,URBANA
9,GUAYAS,505,EL TRIUNFO,5345,EL TRIUNFO,URBANA
9,GUAYAS,510,NARANJITO,5705,NARANJITO,URBANA
9,GUAYAS,675,PALESTINA,5725,PALESTINA,URBANA
9,GUAYAS,715,PEDRO CARBO,185,VALLE DE LA VIRGEN,RURAL
9,GUAYAS,715,PEDRO CARBO,1670,SABANILLA,RURAL
9,GUAYAS,715,PEDRO CARBO,5735,PEDRO CARBO,URBANA
9,GUAYAS,735,PLAYAS,6255,GRAL.VILLAMIL/PLAY,URBANA
9,GUAYAS,790,SIMON BOLIVAR,660,CRNEL.LORENZO GARA,RURAL
9,GUAYAS,790,SIMON BOLIVAR,6385,SIMON BOLIVAR,URBANA
9,GUAYAS,820,DURAN,6525,ELOY ALFARO/DURAN,URBANA
9,GUAYAS,835,A.BAQUERIZO MORENO,6545,A.BAQUERIZO M/JUJA,URBANA
9,GUAYAS,870,SANTA LUCIA,6580,SANTA LUCIA,URBANA
9,GUAYAS,890,CRNL MARCELINO MARIDUENAS,6410,CRNL MARCELINO MARIDUENAS,URBANA
9,GUAYAS,920,LOMAS DE SARGENTILLO,6440,LOMAS DE SARGENTILLO,URBANA
9,GUAYAS,940,NOBOLPIEDRAHITA,6460,NARCISA DE JESUS,URBANA
9,GUAYAS,965,LA LIBERTAD,6610,LA LIBERTAD/LA PRO,URBANA
9,GUAYAS,985,GRAL. A. ELIZALDE,6620,GRAL.ELIZALDE/BUCA,URBANA
9,GUAYAS,986,ISIDRO AYORA,6710,ISIDRO AYORA,URBANA
10,IMBABURA,30,IBARRA,100,AMBUQUI/CHOTA,RURAL
10,IMBABURA,30,IBARRA,130,ANGOCHAGUA,RURAL
10,IMBABURA,30,IBARRA,530,CAROLINA/GUALLUPI,RURAL
10,IMBABURA,30,IBARRA,2020,LA ESPERANZA,RURAL
10,IMBABURA,30,IBARRA,2185,LITA,RURAL
10,IMBABURA,30,IBARRA,3290,SALINAS,RURAL
10,IMBABURA,30,IBARRA,3315,SAN ANTONIO,RURAL
10,IMBABURA,30,IBARRA,5165,CARANQUI,URBANA
10,IMBABURA,30,IBARRA,5440,GQUIL DE ALPACHACA,URBANA
10,IMBABURA,30,IBARRA,5915,SAGRARIO,URBANA
10,IMBABURA,30,IBARRA,5960,SAN FRANCISCO,URBANA
10,IMBABURA,30,IBARRA,6780,LA DOLOROSA DEL PRIORATO,URBANA
10,IMBABURA,35,OTAVALO,1040,DR MIGUEL EGAS/PEG,RURAL
10,IMBABURA,35,OTAVALO,1215,EUGENIO ESPEJO,RURAL
10,IMBABURA,35,OTAVALO,1360,GONZALEZ SUAREZ,RURAL
10,IMBABURA,35,OTAVALO,2785,PATAQUI,RURAL
10,IMBABURA,35,OTAVALO,3490,SAN JOSE DE QUICHI,RURAL
10,IMBABURA,35,OTAVALO,3525,SAN JUAN DE ILUMAN,RURAL
10,IMBABURA,35,OTAVALO,3590,SAN PABLO,RURAL
10,IMBABURA,35,OTAVALO,3630,SAN RAFAEL,RURAL
10,IMBABURA,35,OTAVALO,3810,SELVA ALEGRE,RURAL
10,IMBABURA,35,OTAVALO,5490,JORDAN,URBANA
10,IMBABURA,35,OTAVALO,5980,SAN LUIS,URBANA
10,IMBABURA,40,COTACACHI,145,APUELA,RURAL
10,IMBABURA,40,COTACACHI,1310,GARCIA MORENO/LLUR,RURAL
10,IMBABURA,40,COTACACHI,1710,IMANTAG,RURAL
10,IMBABURA,40,COTACACHI,2820,PENAHERRERA,RURAL
10,IMBABURA,40,COTACACHI,2915,PLAZA GUTIERREZ/CA,RURAL
10,IMBABURA,40,COTACACHI,3115,QUIROGA,RURAL
10,IMBABURA,40,COTACACHI,3800,6 DE JULIO CUELLAJ,RURAL
10,IMBABURA,40,COTACACHI,4185,VACAS GALINDO,RURAL
10,IMBABURA,40,COTACACHI,5910,SAGRARIO,URBANA
10,IMBABURA,40,COTACACHI,5955,SAN FRANCISCO,URBANA
10,IMBABURA,45,ANTONIO ANTE,1715,IMBAYA,RURAL
10,IMBABURA,45,ANTONIO ANTE,3400,SAN FCO.DE NATABUE,RURAL
10,IMBABURA,45,ANTONIO ANTE,3465,SAN JOSE DE CHALTU,RURAL
10,IMBABURA,45,ANTONIO ANTE,3640,SAN ROQUE,RURAL
10,IMBABURA,45,ANTONIO ANTE,5025,ANDRADE MARIN/LOUR,URBANA
10,IMBABURA,45,ANTONIO ANTE,5050,ATUNTAQUI,URBANA
10,IMBABURA,50,PIMAMPIRO,955,CHUGA,RURAL
10,IMBABURA,50,PIMAMPIRO,2380,MARIANO ACOSTA,RURAL
10,IMBABURA,50,PIMAMPIRO,3415,SAN FRANCISCO SIGS,RURAL
10,IMBABURA,50,PIMAMPIRO,5750,PIMAMPIRO,URBANA
10,IMBABURA,55,URCUQUI,425,CAHUASQUI,RURAL
10,IMBABURA,55,URCUQUI,2060,LA MERCED DE BUENO,RURAL
10,IMBABURA,55,URCUQUI,2675,PABLO ARENAS,RURAL
10,IMBABURA,55,URCUQUI,3365,SAN BLAS,RURAL
10,IMBABURA,55,URCUQUI,4080,TUMBABIRO,RURAL
10,IMBABURA,55,URCUQUI,6190,URCUQUI,URBANA
11,LOJA,290,CATAMAYO,1200,EL TAMBO,RURAL
11,LOJA,290,CATAMAYO,1480,GUAYQUICHUMA,RURAL
11,LOJA,290,CATAMAYO,3610,SAN PEDRO DE LA BENDITA,RURAL
11,LOJA,290,CATAMAYO,4455,ZAMBI,RURAL
11,LOJA,290,CATAMAYO,5270,CATAMAYO,URBANA
11,LOJA,290,CATAMAYO,6825,SAN JOSE,URBANA
11,LOJA,295,ZAPOTILLO,280,LIMONES,RURAL
11,LOJA,295,ZAPOTILLO,290,GARZAREAL,RURAL
11,LOJA,295,ZAPOTILLO,550,CAZADEROS,RURAL
11,LOJA,295,ZAPOTILLO,2710,PALETILLAS,RURAL
11,LOJA,295,ZAPOTILLO,6320,ZAPOTILLO,URBANA
11,LOJA,300,LOJA,975,CHUQUIRIBAMBA,RURAL
11,LOJA,300,LOJA,1135,EL CISNE,RURAL
11,LOJA,300,LOJA,1405,GUALEL,RURAL
11,LOJA,300,LOJA,1780,QUINARA,RURAL
11,LOJA,300,LOJA,1840,JIMBILLA,RURAL
11,LOJA,300,LOJA,2325,MALACATOS/VALLADOL,RURAL
11,LOJA,300,LOJA,3555,SAN LUCAS,RURAL
11,LOJA,300,LOJA,3770,SANTIAGO,RURAL
11,LOJA,300,LOJA,3970,TAQUIL/MIGUEL RIOF,RURAL
11,LOJA,300,LOJA,4235,VILCABAMBA/VICTORI,RURAL
11,LOJA,300,LOJA,4280,YANGANA/ARSENIO CA,RURAL
11,LOJA,300,LOJA,4475,CHANTACO,RURAL
11,LOJA,300,LOJA,4540,SN PEDRO DE VILCAB,RURAL
11,LOJA,300,LOJA,5320,EL SAGRARIO,URBANA
11,LOJA,300,LOJA,6015,SAN SEBASTIAN,URBANA
11,LOJA,300,LOJA,6100,SUCRE,URBANA
11,LOJA,300,LOJA,6210,VALLE,URBANA
11,LOJA,305,SARAGURO,310,SUMAIPAMBA,RURAL
11,LOJA,305,SARAGURO,1165,EL PARAISO DE CELE,RURAL
11,LOJA,305,SARAGURO,1190,EL TABLON,RURAL
11,LOJA,305,SARAGURO,2280,LLUZHAPA,RURAL
11,LOJA,305,SARAGURO,2360,MANU,RURAL
11,LOJA,305,SARAGURO,3340,SN ANTONIO DE CUMB,RURAL
11,LOJA,305,SARAGURO,3600,SAN PABLO DE TENTA,RURAL
11,LOJA,305,SARAGURO,3665,SAN SEBASTIAN DE Y,RURAL
11,LOJA,305,SARAGURO,3815,SELVA ALEGRE,RURAL
11,LOJA,305,SARAGURO,4145,URDANETA/PAQUISHAP,RURAL
11,LOJA,305,SARAGURO,6075,SARAGURO,URBANA
11,LOJA,310,PALTAS,485,CANGONAMA,RURAL
11,LOJA,310,PALTAS,545,SAN ANTONIO,RURAL
11,LOJA,310,PALTAS,995,CASANGA,RURAL
11,LOJA,310,PALTAS,1000,YAMANA,RURAL
11,LOJA,310,PALTAS,1380,GUACHANAMA,RURAL
11,LOJA,310,PALTAS,2140,LAURO GUERRERO,RURAL
11,LOJA,310,PALTAS,2630,ORIANGA,RURAL
11,LOJA,310,PALTAS,5180,CATACOCHA,URBANA
11,LOJA,310,PALTAS,5595,LOURDES,URBANA
11,LOJA,311,OLMEDO,2120,LA TINGUE,RURAL
11,LOJA,311,OLMEDO,6730,OLMEDO,URBANA
11,LOJA,315,CELICA,695,CRUZPAMBA/BUSTAMAN,RURAL
11,LOJA,315,CELICA,1495,TNTE MAXIM.RODRIGUEZ,RURAL
11,LOJA,315,CELICA,3255,SABANILLA,RURAL
11,LOJA,315,CELICA,3535,SAN JUAN DE POZUL,RURAL
11,LOJA,315,CELICA,5195,CELICA,URBANA
11,LOJA,320,CALVAS,590,COLAIZACA,RURAL
11,LOJA,320,CALVAS,1230,EL LUCERO,RURAL
11,LOJA,320,CALVAS,1550,SANGUILLIN,RURAL
11,LOJA,320,CALVAS,4150,UTUANA,RURAL
11,LOJA,320,CALVAS,5175,CARIAMANGA,URBANA
11,LOJA,320,CALVAS,5240,CHILE,URBANA
11,LOJA,320,CALVAS,6025,SAN VICENTE,URBANA
11,LOJA,325,MACARA,2085,LA RAMA,RURAL
11,LOJA,325,MACARA,2145,LA VICTORIA,RURAL
11,LOJA,325,MACARA,3265,SABIANGO,RURAL
11,LOJA,325,MACARA,5385,GRAL.ELOY ALFARO,URBANA
11,LOJA,325,MACARA,5680,MACARA,URBANA
11,LOJA,330,PUYANGO,270,EL ARENAL,RURAL
11,LOJA,330,PUYANGO,565,CIANO,RURAL
11,LOJA,330,PUYANGO,1155,EL LIMO/MARIANA DE,RURAL
11,LOJA,330,PUYANGO,2405,MERCADILLO,RURAL
11,LOJA,330,PUYANGO,4210,VICENTINO,RURAL
11,LOJA,330,PUYANGO,5005,ALAMOR,URBANA
11,LOJA,335,GONZANAMA,825,CHANGAIMINA/LA LIB,RURAL
11,LOJA,335,GONZANAMA,2520,NAMBACOLA,RURAL
11,LOJA,335,GONZANAMA,3045,PURUNUMA/EGUIGUREN,RURAL
11,LOJA,335,GONZANAMA,3270,SACAPALCA,RURAL
11,LOJA,335,GONZANAMA,5400,GONZANAMA,URBANA
11,LOJA,340,ESPINDOLA,320,BELLAVISTA,RURAL
11,LOJA,340,ESPINDOLA,790,EL INGENIO,RURAL
11,LOJA,340,ESPINDOLA,1645,EL AIRO,RURAL
11,LOJA,340,ESPINDOLA,1845,JIMBURA,RURAL
11,LOJA,340,ESPINDOLA,3765,SANTA TERESITA,RURAL
11,LOJA,340,ESPINDOLA,4460,27 DE ABRIL/LA NAR,RURAL
11,LOJA,340,ESPINDOLA,5020,AMALUZA,URBANA
11,LOJA,345,SOZORANGA,2575,NUEVA FATIMA,RURAL
11,LOJA,345,SOZORANGA,3935,TACAMOROS,RURAL
11,LOJA,345,SOZORANGA,6120,SOZORANGA,URBANA
11,LOJA,730,PINDAL,835,CHAQUINAL,RURAL
11,LOJA,730,PINDAL,1035,12 DE DICIEMBRE,RURAL
11,LOJA,730,PINDAL,5810,PINDAL/FEDERICO PA,URBANA
11,LOJA,740,QUILANGA,360,FUNDOCHAMBA,RURAL
11,LOJA,740,QUILANGA,3345,SAN ANTONIO DE LAS,RURAL
11,LOJA,740,QUILANGA,6260,QUILANGA/LA PAZ,URBANA
11,LOJA,815,CHAGUARPAMBA,385,BUENAVISTA,RURAL
11,LOJA,815,CHAGUARPAMBA,1180,EL ROSARIO,RURAL
11,LOJA,815,CHAGUARPAMBA,1450,AMARILLOS,RURAL
11,LOJA,815,CHAGUARPAMBA,3755,SANTA RUFINA,RURAL
11,LOJA,815,CHAGUARPAMBA,6530,CHAGUARPAMBA,URBANA
12,LOS RIOS,515,BABAHOYO,520,CARACOL,RURAL
12,LOS RIOS,515,BABAHOYO,1265,FEBRES CORDERO,RURAL
12,LOS RIOS,515,BABAHOYO,1525,LA UNION,RURAL
12,LOS RIOS,515,BABAHOYO,2875,PIMOCHA,RURAL
12,LOS RIOS,515,BABAHOYO,5215,CLEMENTE BAQUERIZO,URBANA
12,LOS RIOS,515,BABAHOYO,5285,DR CAMILO PONCE EN,URBANA
12,LOS RIOS,515,BABAHOYO,6830,BARREIRO/STA RITA,URBANA
12,LOS RIOS,515,BABAHOYO,6835,EL SALTO,URBANA
12,LOS RIOS,516,VALENCIA,6685,VALENCIA,URBANA
12,LOS RIOS,520,BABA,1460,GUARE,RURAL
12,LOS RIOS,520,BABA,1740,ISLA DE BEJUCAL,RURAL
12,LOS RIOS,520,BABA,5085,BABA,URBANA
12,LOS RIOS,525,VINCES,140,ANTONIO SOTOMAYOR,RURAL
12,LOS RIOS,525,VINCES,6245,VINCES,URBANA
12,LOS RIOS,530,PUEBLO VIEJO,3015,PUERTO PECHICHE,RURAL
12,LOS RIOS,530,PUEBLO VIEJO,3510,SAN JUAN,RURAL
12,LOS RIOS,530,PUEBLO VIEJO,5800,PUEBLO VIEJO,URBANA
12,LOS RIOS,535,URDANETA,3175,RICAURTE,RURAL
12,LOS RIOS,535,URDANETA,5185,CATARAMA,URBANA
12,LOS RIOS,540,QUEVEDO,4420,LA ESPERANZA,RURAL
12,LOS RIOS,540,QUEVEDO,4425,SAN CARLOS,RURAL
12,LOS RIOS,540,QUEVEDO,5855,QUEVEDO,URBANA
12,LOS RIOS,540,QUEVEDO,6115,SAN CAMILO,URBANA
12,LOS RIOS,540,QUEVEDO,6635,SAN CRISTOBAL,URBANA
12,LOS RIOS,540,QUEVEDO,6640,VENUS DEL RIO QUEVEDO,URBANA
12,LOS RIOS,540,QUEVEDO,6645,NICOLAS INFANTE DIAZ,URBANA
12,LOS RIOS,540,QUEVEDO,6650,GUAYACAN,URBANA
12,LOS RIOS,540,QUEVEDO,6655,SIETE DE OCTUBRE,URBANA
12,LOS RIOS,540,QUEVEDO,6660,VIVA ALFARO,URBANA
12,LOS RIOS,540,QUEVEDO,6690,24 DE MAYO,URBANA
12,LOS RIOS,545,VENTANAS,3130,QUINSALOMA,RURAL
12,LOS RIOS,545,VENTANAS,4330,ZAPOTAL,RURAL
12,LOS RIOS,545,VENTANAS,6235,VENTANAS,URBANA
12,LOS RIOS,710,MONTALVO,5640,MONTALVO/SABANETA,URBANA
12,LOS RIOS,750,PALENQUE,6330,PALENQUE,URBANA
12,LOS RIOS,945,BUENA FE,150,PATRICIA PILAR,RURAL
12,LOS RIOS,945,BUENA FE,6465,SN JACINTO DE BUENA FE,URBANA
12,LOS RIOS,945,BUENA FE,6855,7 DE AGOSTO,URBANA
12,LOS RIOS,945,BUENA FE,6860,11 DE OCTUBRE,URBANA
12,LOS RIOS,946,MOCACHE,6695,MOCACHE,URBANA
13,MANABI,230,FLAVIO ALFARO,1600,NOVILLO,RURAL
13,MANABI,230,FLAVIO ALFARO,1620,ZAPALLO,RURAL
13,MANABI,230,FLAVIO ALFARO,5480,FLAVIO ALFARO,URBANA
13,MANABI,440,PORTOVIEJO,10,ABDON CALDERON,RURAL
13,MANABI,440,PORTOVIEJO,50,ALHAJUELA/BAJO GRA,RURAL
13,MANABI,440,PORTOVIEJO,770,CRUCITA,RURAL
13,MANABI,440,PORTOVIEJO,1925,CHIRIJOS,RURAL
13,MANABI,440,PORTOVIEJO,2970,PUEBLO NUEVO,RURAL
13,MANABI,440,PORTOVIEJO,3185,RIO CHICO,RURAL
13,MANABI,440,PORTOVIEJO,3625,SAN PLACIDO,RURAL
13,MANABI,440,PORTOVIEJO,5030,ANDRES DE VERA,URBANA
13,MANABI,440,PORTOVIEJO,5265,COLON,URBANA
13,MANABI,440,PORTOVIEJO,5280,12 DE MARZO,URBANA
13,MANABI,440,PORTOVIEJO,5795,PORTOVIEJO,URBANA
13,MANABI,440,PORTOVIEJO,5845,PICOAZA,URBANA
13,MANABI,440,PORTOVIEJO,6585,SAN PABLO,URBANA
13,MANABI,440,PORTOVIEJO,6770,18 DE OCTUBRE,URBANA
13,MANABI,440,PORTOVIEJO,6775,FRANCISCO PACHECO,URBANA
13,MANABI,445,MONTECRISTI,1545,LA PILA,RURAL
13,MANABI,445,MONTECRISTI,5665,MONTECRISTI,URBANA
13,MANABI,446,JARAMIJO,6755,JARAMIJO,URBANA
13,MANABI,450,MANTA,1800,SANTA MARIANITA,RURAL
13,MANABI,450,MANTA,3550,SAN LORENZO,RURAL
13,MANABI,450,MANTA,5570,LOS ESTEROS,URBANA
13,MANABI,450,MANTA,5635,MANTA,URBANA
13,MANABI,450,MANTA,6135,SAN MATEO,URBANA
13,MANABI,450,MANTA,6155,TARQUI,URBANA
13,MANABI,450,MANTA,6745,ELOY ALFARO,URBANA
13,MANABI,455,JIPIJAPA,105,AMERICA/LA CERA,RURAL
13,MANABI,455,JIPIJAPA,560,LA UNION,RURAL
13,MANABI,455,JIPIJAPA,1115,EL ANEGADO,RURAL
13,MANABI,455,JIPIJAPA,1880,JULCUY,RURAL
13,MANABI,455,JIPIJAPA,2810,PEDRO PABLO GOMEZ,RURAL
13,MANABI,455,JIPIJAPA,2990,PUERTO CAYO,RURAL
13,MANABI,455,JIPIJAPA,4490,MEMBRILLAL,RURAL
13,MANABI,455,JIPIJAPA,5485,JIPIJAPA,URBANA
13,MANABI,460,24 DE MAYO,330,BELLAVISTA,RURAL
13,MANABI,460,24 DE MAYO,1570,ARQ.SIXTO DURAN BALLEN,RURAL
13,MANABI,460,24 DE MAYO,2555,NOBOA,RURAL
13,MANABI,460,24 DE MAYO,6105,SUCRE,URBANA
13,MANABI,465,ROCAFUERTE,5885,ROCAFUERTE,URBANA
13,MANABI,470,SANTA ANA,220,AYACUCHO,RURAL
13,MANABI,470,SANTA ANA,1105,SAN PABLO,RURAL
13,MANABI,470,SANTA ANA,1610,HONORATO VASQUEZ,RURAL
13,MANABI,470,SANTA ANA,2135,LA UNION,RURAL
13,MANABI,470,SANTA ANA,6030,SANTA ANA,URBANA
13,MANABI,470,SANTA ANA,6725,LODANA,URBANA
13,MANABI,475,SUCRE,840,CHARAPOTO,RURAL
13,MANABI,475,SUCRE,3445,SAN ISIDRO,RURAL
13,MANABI,475,SUCRE,5095,BAHIA DE CARAQUEZ,URBANA
13,MANABI,475,SUCRE,5580,LEONIDAS PLAZA,URBANA
13,MANABI,476,JAMA,6750,JAMA,RURAL
13,MANABI,477,SAN VICENTE,470,CANOA,RURAL
13,MANABI,477,SAN VICENTE,6785,SAN VICENTE,URBANA
13,MANABI,480,CHONE,380,BOYACA,RURAL
13,MANABI,480,CHONE,405,CHIBUNGA,RURAL
13,MANABI,480,CHONE,495,CANUTO,RURAL
13,MANABI,480,CHONE,640,CONVENTO,RURAL
13,MANABI,480,CHONE,1160,ELOY ALFARO,RURAL
13,MANABI,480,CHONE,3170,RICAURTE,RURAL
13,MANABI,480,CHONE,3350,SAN ANTONIO/DEL PE,RURAL
13,MANABI,480,CHONE,5250,CHONE,URBANA
13,MANABI,480,CHONE,6055,SANTA RITA,URBANA
13,MANABI,485,BOLIVAR,240,MEMBRILLO,RURAL
13,MANABI,485,BOLIVAR,3110,QUIROGA,RURAL
13,MANABI,485,BOLIVAR,5150,CALCETA,URBANA
13,MANABI,490,JUNIN,5505,JUNIN,URBANA
13,MANABI,495,PAJAN,460,CAMPOZANO,RURAL
13,MANABI,495,PAJAN,540,CASCOL,RURAL
13,MANABI,495,PAJAN,1395,GUALE/STO.DOMINGO,RURAL
13,MANABI,495,PAJAN,2090,LASCANO,RURAL
13,MANABI,495,PAJAN,5755,PAJAN,URBANA
13,MANABI,500,EL CARMEN,1070,WILFRIDO LOOR MORE,RURAL
13,MANABI,500,EL CARMEN,1980,SAN PEDRO DE SUMA,RURAL
13,MANABI,500,EL CARMEN,5300,EL CARMEN,URBANA
13,MANABI,500,EL CARMEN,6195,4 DE DICIEMBRE,URBANA
13,MANABI,550,TOSAGUA,265,BACHILLERO,RURAL
13,MANABI,550,TOSAGUA,2030,ANGEL PEDRO GILER,RURAL
13,MANABI,550,TOSAGUA,6170,TOSAGUA,URBANA
13,MANABI,840,PICHINCHA,1060,SAN SEBASTIAN,RURAL
13,MANABI,840,PICHINCHA,1065,BARRAGANETE,RURAL
13,MANABI,840,PICHINCHA,6550,PICHINCHA/GERMUD,URBANA
13,MANABI,910,PEDERNALES,580,COJIMIES,RURAL
13,MANABI,910,PEDERNALES,785,ATAHUALPA,RURAL
13,MANABI,910,PEDERNALES,1030,10 DE AGOSTO,RURAL
13,MANABI,910,PEDERNALES,6430,PEDERNALES,URBANA
13,MANABI,970,OLMEDO/PUCA,6495,OLMEDO/PUCA,URBANA
13,MANABI,975,PUERTO LOPEZ,1920,SALANGO,RURAL
13,MANABI,975,PUERTO LOPEZ,2305,MACHALILLA,RURAL
13,MANABI,975,PUERTO LOPEZ,6575,PUERTO LOPEZ,URBANA
14,MORONA SANTIAGO,590,MORONA,65,ALSHI/9 DE OCTUBRE,RURAL
14,MORONA SANTIAGO,590,MORONA,1250,CUCHAENTZA,RURAL
14,MORONA SANTIAGO,590,MORONA,1295,SAN JOSE DE MORONA,RURAL
14,MORONA SANTIAGO,590,MORONA,1345,GENERAL PROANO,RURAL
14,MORONA SANTIAGO,590,MORONA,1730,RIO BLANCO,RURAL
14,MORONA SANTIAGO,590,MORONA,3440,SAN ISIDRO,RURAL
14,MORONA SANTIAGO,590,MORONA,3830,SEVILLA DON BOSCO,RURAL
14,MORONA SANTIAGO,590,MORONA,4360,ZUNAC,RURAL
14,MORONA SANTIAGO,590,MORONA,4485,SINAI,RURAL
14,MORONA SANTIAGO,590,MORONA,5615,MACAS,URBANA
14,MORONA SANTIAGO,595,GUALAQUIZA,90,AMAZONAS,RURAL
14,MORONA SANTIAGO,595,GUALAQUIZA,340,BERMEJOS,RURAL
14,MORONA SANTIAGO,595,GUALAQUIZA,350,BOMBOIZA,RURAL
14,MORONA SANTIAGO,595,GUALAQUIZA,880,CHIGUINDA,RURAL
14,MORONA SANTIAGO,595,GUALAQUIZA,1910,EL IDEAL,RURAL
14,MORONA SANTIAGO,595,GUALAQUIZA,2565,NUEVA TARQUI,RURAL
14,MORONA SANTIAGO,595,GUALAQUIZA,3225,ROSARIO,RURAL
14,MORONA SANTIAGO,595,GUALAQUIZA,3580,SAN MIGUEL DE CUYE,RURAL
14,MORONA SANTIAGO,595,GUALAQUIZA,5425,GUALAQUIZA,URBANA
14,MORONA SANTIAGO,595,GUALAQUIZA,5655,MERCEDES MOLINA,URBANA
14,MORONA SANTIAGO,600,LIMON INDANZA,1720,INDANZA,RURAL
14,MORONA SANTIAGO,600,LIMON INDANZA,3250,SAN MIGUEL DE CONCHAY,RURAL
14,MORONA SANTIAGO,600,LIMON INDANZA,3320,SAN ANTONIO,RURAL
14,MORONA SANTIAGO,600,LIMON INDANZA,3760,SANTA SUSANA DE CH,RURAL
14,MORONA SANTIAGO,600,LIMON INDANZA,4305,YUNGANZA/EL ROSARI,RURAL
14,MORONA SANTIAGO,600,LIMON INDANZA,5390,GRAL.LEONIDAS PLAZ,URBANA
14,MORONA SANTIAGO,605,SANTIAGO,645,COPAL,RURAL
14,MORONA SANTIAGO,605,SANTIAGO,970,CHUPIANZA,RURAL
14,MORONA SANTIAGO,605,SANTIAGO,1365,SN FCO DE CHINIMBIMI,RURAL
14,MORONA SANTIAGO,605,SANTIAGO,2795,PATUCA,RURAL
14,MORONA SANTIAGO,605,SANTIAGO,3565,SAN LUIS DEL ACHO,RURAL
14,MORONA SANTIAGO,605,SANTIAGO,3780,SANTIAGO,RURAL
14,MORONA SANTIAGO,605,SANTIAGO,4115,TAYUZA,RURAL
14,MORONA SANTIAGO,605,SANTIAGO,5645,MENDEZ,URBANA
14,MORONA SANTIAGO,610,SUCUA,180,ASUNCION,RURAL
14,MORONA SANTIAGO,610,SUCUA,1140,STA.MARIANITA DE J,RURAL
14,MORONA SANTIAGO,610,SUCUA,1635,HUAMBI,RURAL
14,MORONA SANTIAGO,610,SUCUA,6110,SUCUA,URBANA
14,MORONA SANTIAGO,611,LOGRONO,525,SHIMPIS,RURAL
14,MORONA SANTIAGO,611,LOGRONO,4300,YAUPI,RURAL
14,MORONA SANTIAGO,611,LOGRONO,6735,LOGRONO,URBANA
14,MORONA SANTIAGO,615,PALORA,155,ARAPICOS,RURAL
14,MORONA SANTIAGO,615,PALORA,715,CUMANDA,RURAL
14,MORONA SANTIAGO,615,PALORA,1685,16 DE AGOSTO,RURAL
14,MORONA SANTIAGO,615,PALORA,3420,SANGAY,RURAL
14,MORONA SANTIAGO,615,PALORA,5760,PALORA,URBANA
14,MORONA SANTIAGO,795,HUAMBOYA,875,CHIGUAZA,RURAL
14,MORONA SANTIAGO,795,HUAMBOYA,6390,HUAMBOYA,URBANA
14,MORONA SANTIAGO,796,PABLO SEXTO,6870,PABLO SEXTO,URBANA
14,MORONA SANTIAGO,925,SAN JUAN BOSCO,710,SAN JACINTO DE WAKANBEIS,RURAL
14,MORONA SANTIAGO,925,SAN JUAN BOSCO,1785,SANTIAGO DE PANANZA,RURAL
14,MORONA SANTIAGO,925,SAN JUAN BOSCO,2750,PAN DE AZUCAR,RURAL
14,MORONA SANTIAGO,925,SAN JUAN BOSCO,3920,SAN CARLOS DE LIMON,RURAL
14,MORONA SANTIAGO,925,SAN JUAN BOSCO,6445,SAN JUAN BOSCO,URBANA
14,MORONA SANTIAGO,926,TAISHA,595,HUASAGA/WAMPUIK,RURAL
14,MORONA SANTIAGO,926,TAISHA,1205,TUTINENTZA,RURAL
14,MORONA SANTIAGO,926,TAISHA,2285,MACUMA,RURAL
14,MORONA SANTIAGO,926,TAISHA,6700,TAISHA,URBANA
15,NAPO,255,EL CHACO,1020,G. DIAZ DE PINEDA,RURAL
15,NAPO,255,EL CHACO,2180,LINARES,RURAL
15,NAPO,255,EL CHACO,2640,OYACACHI,RURAL
15,NAPO,255,EL CHACO,3745,STA.ROSA DE QUIJOS,RURAL
15,NAPO,255,EL CHACO,3790,SARDINAS,RURAL
15,NAPO,255,EL CHACO,5510,EL CHACO,URBANA
15,NAPO,620,TENA,25,AHUANO,RURAL
15,NAPO,620,TENA,940,CHONTAPUNTA,RURAL
15,NAPO,620,TENA,1930,TALAG,RURAL
15,NAPO,620,TENA,2755,PANO,RURAL
15,NAPO,620,TENA,3000,PUERTO MISAHUALLI,RURAL
15,NAPO,620,TENA,3050,PUERTO NAPO,RURAL
15,NAPO,620,TENA,6160,TENA,URBANA
15,NAPO,621,C.J.AROSEMENA TOLA,6760,CARLOS J.AROSEMENA,URBANA
15,NAPO,635,QUIJOS,670,COSANGA,RURAL
15,NAPO,635,QUIJOS,765,CUYUJA,RURAL
15,NAPO,635,QUIJOS,2770,PAPALLACTA,RURAL
15,NAPO,635,QUIJOS,3395,SAN FCO. DE BORJA,RURAL
15,NAPO,635,QUIJOS,3890,SUMACO,RURAL
15,NAPO,635,QUIJOS,5090,BAEZA,URBANA
15,NAPO,700,ARCHIDONA,685,COTUNDO,RURAL
15,NAPO,700,ARCHIDONA,3605,SAN PABLO DE USHPA,RURAL
15,NAPO,700,ARCHIDONA,5070,ARCHIDONA,URBANA
16,PASTAZA,680,PASTAZA,475,CANELOS,RURAL
16,PASTAZA,680,PASTAZA,1025,10 DE AGOSTO,RURAL
16,PASTAZA,680,PASTAZA,1260,FATIMA,RURAL
16,PASTAZA,680,PASTAZA,1275,EL TRIUNFO,RURAL
16,PASTAZA,680,PASTAZA,2450,MONTALVO/ANDOAS,RURAL
16,PASTAZA,680,PASTAZA,3055,POMONA,RURAL
16,PASTAZA,680,PASTAZA,3180,RIO CORRIENTES,RURAL
16,PASTAZA,680,PASTAZA,3195,RIO TIGRE,RURAL
16,PASTAZA,680,PASTAZA,3785,ZARAYACU,RURAL
16,PASTAZA,680,PASTAZA,3985,TARQUI,RURAL
16,PASTAZA,680,PASTAZA,4005,TNTE. HUGO ORTIZ,RURAL
16,PASTAZA,680,PASTAZA,4205,VERACRUZ,RURAL
16,PASTAZA,680,PASTAZA,4510,SIMON BOLIVAR,RURAL
16,PASTAZA,680,PASTAZA,5825,PUYO,URBANA
16,PASTAZA,685,MERA,2310,MADRE TIERRA,RURAL
16,PASTAZA,685,MERA,3840,SHELL,RURAL
16,PASTAZA,685,MERA,5650,MERA,URBANA
16,PASTAZA,880,SANTA CLARA,6395,SANTA CLARA,URBANA
16,PASTAZA,881,ARAJUNO,735,CURARAY,RURAL
16,PASTAZA,881,ARAJUNO,6705,ARAJUNO,URBANA
17,PICHINCHA,60,QUITO,30,ALANGASI,RURAL
17,PICHINCHA,60,QUITO,80,AMAGUANA,RURAL
17,PICHINCHA,60,QUITO,195,ATAHUALPA/HABASPAM,RURAL
17,PICHINCHA,60,QUITO,430,CALACALI,RURAL
17,PICHINCHA,60,QUITO,440,CALDERON,RURAL
17,PICHINCHA,60,QUITO,625,CONOCOTO,RURAL
17,PICHINCHA,60,QUITO,725,CUMBAYA,RURAL
17,PICHINCHA,60,QUITO,855,CHAVEZPAMBA,RURAL
17,PICHINCHA,60,QUITO,865,CHECA,RURAL
17,PICHINCHA,60,QUITO,1400,GUALEA,RURAL
17,PICHINCHA,60,QUITO,1440,GUANGOPOLO,RURAL
17,PICHINCHA,60,QUITO,1475,GUAYLLABAMBA,RURAL
17,PICHINCHA,60,QUITO,2055,LA MERCED,RURAL
17,PICHINCHA,60,QUITO,2265,LLANO CHICO,RURAL
17,PICHINCHA,60,QUITO,2275,LLOA,RURAL
17,PICHINCHA,60,QUITO,2525,NANEGAL,RURAL
17,PICHINCHA,60,QUITO,2530,NANEGALITO,RURAL
17,PICHINCHA,60,QUITO,2540,NAYON,RURAL
17,PICHINCHA,60,QUITO,2560,NONO,RURAL
17,PICHINCHA,60,QUITO,2690,PACTO,RURAL
17,PICHINCHA,60,QUITO,2825,PERUCHO,RURAL
17,PICHINCHA,60,QUITO,2855,PIFO,RURAL
17,PICHINCHA,60,QUITO,2895,PINTAG,RURAL
17,PICHINCHA,60,QUITO,2925,POMASQUI,RURAL
17,PICHINCHA,60,QUITO,2980,PUELLARO,RURAL
17,PICHINCHA,60,QUITO,2985,PUEMBO,RURAL
17,PICHINCHA,60,QUITO,3100,QUINCHE,RURAL
17,PICHINCHA,60,QUITO,3325,SAN ANTONIO,RURAL
17,PICHINCHA,60,QUITO,3475,SAN JOSE DE MINAS,RURAL
17,PICHINCHA,60,QUITO,3925,TABABELA,RURAL
17,PICHINCHA,60,QUITO,4085,TUMBACO,RURAL
17,PICHINCHA,60,QUITO,4290,YARUQUI,RURAL
17,PICHINCHA,60,QUITO,4325,ZAMBIZA,RURAL
17,PICHINCHA,60,QUITO,5015,ALFARO,URBANA
17,PICHINCHA,60,QUITO,5110,BENALCAZAR,URBANA
17,PICHINCHA,60,QUITO,5220,COTOCOLLAO,URBANA
17,PICHINCHA,60,QUITO,5235,CHAUPICRUZ,URBANA
17,PICHINCHA,60,QUITO,5260,CHILLOGALLO,URBANA
17,PICHINCHA,60,QUITO,5325,EL SALVADOR,URBANA
17,PICHINCHA,60,QUITO,5410,GONZALEZ SUAREZ,URBANA
17,PICHINCHA,60,QUITO,5435,GUAPULO,URBANA
17,PICHINCHA,60,QUITO,5530,LA FLORESTA,URBANA
17,PICHINCHA,60,QUITO,5535,LA LIBERTAD,URBANA
17,PICHINCHA,60,QUITO,5540,LA MAGDALENA,URBANA
17,PICHINCHA,60,QUITO,5575,LA VICENTINA,URBANA
17,PICHINCHA,60,QUITO,5935,SAN BLAS,URBANA
17,PICHINCHA,60,QUITO,5985,SAN MARCOS,URBANA
17,PICHINCHA,60,QUITO,6005,SAN ROQUE,URBANA
17,PICHINCHA,60,QUITO,6020,SAN SEBASTIAN,URBANA
17,PICHINCHA,60,QUITO,6035,SANTA BARBARA,URBANA
17,PICHINCHA,60,QUITO,6050,SANTA PRISCA,URBANA
17,PICHINCHA,60,QUITO,6240,VILLA FLORA,URBANA
17,PICHINCHA,65,CAYAMBE,165,ASCAZUBI,RURAL
17,PICHINCHA,65,CAYAMBE,480,CANGAHUA,RURAL
17,PICHINCHA,65,CAYAMBE,2600,OLMEDO/PESILLO,RURAL
17,PICHINCHA,65,CAYAMBE,2635,OTON,RURAL
17,PICHINCHA,65,CAYAMBE,3735,STA.ROSA DE CUSUB.,RURAL
17,PICHINCHA,65,CAYAMBE,5060,AYORA,URBANA
17,PICHINCHA,65,CAYAMBE,5190,CAYAMBE,URBANA
17,PICHINCHA,65,CAYAMBE,5495,JUAN MONTALVO,URBANA
17,PICHINCHA,70,MEJIA,55,ALOAG,RURAL
17,PICHINCHA,70,MEJIA,60,ALOASI,RURAL
17,PICHINCHA,70,MEJIA,650,CORNEJO A./TANDAPI,RURAL
17,PICHINCHA,70,MEJIA,755,CUTUGLAGUA,RURAL
17,PICHINCHA,70,MEJIA,850,CHAUPI,RURAL
17,PICHINCHA,70,MEJIA,3960,TAMBILLO,RURAL
17,PICHINCHA,70,MEJIA,4155,UYUMBICHO,RURAL
17,PICHINCHA,70,MEJIA,5620,MACHACHI,URBANA
17,PICHINCHA,75,PEDRO MONCAYO,2025,LA ESPERANZA,RURAL
17,PICHINCHA,75,PEDRO MONCAYO,2330,MALCHINGUI,RURAL
17,PICHINCHA,75,PEDRO MONCAYO,4045,TOCACHI,RURAL
17,PICHINCHA,75,PEDRO MONCAYO,4090,TUPIGACHI,RURAL
17,PICHINCHA,75,PEDRO MONCAYO,6145,TABACUNDO,URBANA
17,PICHINCHA,80,RUMINAHUI,680,COTOGCHOA,RURAL
17,PICHINCHA,80,RUMINAHUI,3230,RUMIPAMBA,RURAL
17,PICHINCHA,80,RUMINAHUI,5965,SANGOLQUI,URBANA
17,PICHINCHA,80,RUMINAHUI,6600,SAN RAFAEL,URBANA
17,PICHINCHA,80,RUMINAHUI,6605,SAN PEDRO DE TABOA,URBANA
17,PICHINCHA,85,SANTO DOMINGO,75,ALLURIQUIN,RURAL
17,PICHINCHA,85,SANTO DOMINGO,305,VALLE HERMOSO,RURAL
17,PICHINCHA,85,SANTO DOMINGO,1755,LUZ DE AMERICA,RURAL
17,PICHINCHA,85,SANTO DOMINGO,1970,SAN JACINTO DEL BUA,RURAL
17,PICHINCHA,85,SANTO DOMINGO,4440,PUERTO LIMON,RURAL
17,PICHINCHA,85,SANTO DOMINGO,5730,ABRAHAM CALAZACON,URBANA
17,PICHINCHA,85,SANTO DOMINGO,5860,BOMBOLI,URBANA
17,PICHINCHA,85,SANTO DOMINGO,5865,RIO VERDE,URBANA
17,PICHINCHA,85,SANTO DOMINGO,5870,RIO TOACHI,URBANA
17,PICHINCHA,85,SANTO DOMINGO,6065,S.DOMINGO DE LOS C,URBANA
17,PICHINCHA,85,SANTO DOMINGO,6175,CHIGUILPE,URBANA
17,PICHINCHA,85,SANTO DOMINGO,6180,ZARACAY,URBANA
17,PICHINCHA,770,SAN MIGUEL DE LOS BANCOS,2410,MINDO,RURAL
17,PICHINCHA,770,SAN MIGUEL DE LOS BANCOS,6350,S.MIGUEL DE LOS BA,URBANA
17,PICHINCHA,895,PEDRO VICENTE MALDONADO,6415,PEDRO VICENTE MALD,URBANA
17,PICHINCHA,896,PUERTO QUITO,6125,PUERTO QUITO,URBANA
18,TUNGURAHUA,90,TISALEO,1375,QUINCHICOTO,RURAL
18,TUNGURAHUA,90,TISALEO,5515,TISALEO,URBANA
18,TUNGURAHUA,135,AMBATO,95,AMBATILLO,RURAL
18,TUNGURAHUA,135,AMBATO,190,ATAHUALPA/CHIPZALA,RURAL
18,TUNGURAHUA,135,AMBATO,210,AUGUSTO N MARTINEZ,RURAL
18,TUNGURAHUA,135,AMBATO,635,CONSTANTINO FERNANDEZ,RURAL
18,TUNGURAHUA,135,AMBATO,800,CUNCHIBAMBA,RURAL
18,TUNGURAHUA,135,AMBATO,810,UNAMUNCHO,RURAL
18,TUNGURAHUA,135,AMBATO,1625,HUACHI GRANDE,RURAL
18,TUNGURAHUA,135,AMBATO,1745,IZAMBA,RURAL
18,TUNGURAHUA,135,AMBATO,1860,JUAN BENIGNO VELA,RURAL
18,TUNGURAHUA,135,AMBATO,2435,MONTALVO,RURAL
18,TUNGURAHUA,135,AMBATO,2775,PASA,RURAL
18,TUNGURAHUA,135,AMBATO,2830,PICAIHUA,RURAL
18,TUNGURAHUA,135,AMBATO,2860,PILAHUIN,RURAL
18,TUNGURAHUA,135,AMBATO,3120,QUISAPINCHA,RURAL
18,TUNGURAHUA,135,AMBATO,3355,SAN BARTOLOME,RURAL
18,TUNGURAHUA,135,AMBATO,3380,SAN FERNANDO,RURAL
18,TUNGURAHUA,135,AMBATO,3730,SANTA ROSA,RURAL
18,TUNGURAHUA,135,AMBATO,4065,TOTORAS,RURAL
18,TUNGURAHUA,135,AMBATO,5045,ATOCHA FICOA,URBANA
18,TUNGURAHUA,135,AMBATO,5230,CELIANO MONGE,URBANA
18,TUNGURAHUA,135,AMBATO,5445,HUACHI LORETO,URBANA
18,TUNGURAHUA,135,AMBATO,5455,HUACHI CHICO,URBANA
18,TUNGURAHUA,135,AMBATO,5545,LA MATRIZ,URBANA
18,TUNGURAHUA,135,AMBATO,5560,LA MERCED,URBANA
18,TUNGURAHUA,135,AMBATO,5605,LA PENINSULA,URBANA
18,TUNGURAHUA,135,AMBATO,5840,PISHILATA,URBANA
18,TUNGURAHUA,135,AMBATO,5945,SAN FRANCISCO,URBANA
18,TUNGURAHUA,140,PELILEO,335,BENITEZ/PACHANLICA,RURAL
18,TUNGURAHUA,140,PELILEO,365,BOLIVAR,RURAL
18,TUNGURAHUA,140,PELILEO,675,COTALO,RURAL
18,TUNGURAHUA,140,PELILEO,900,CHIQUICHA,RURAL
18,TUNGURAHUA,140,PELILEO,1185,EL ROSARIO/RUMICHA,RURAL
18,TUNGURAHUA,140,PELILEO,1320,GARCIA MORENO,RURAL
18,TUNGURAHUA,140,PELILEO,1630,HUAMBALO,RURAL
18,TUNGURAHUA,140,PELILEO,3905,SALASACA,RURAL
18,TUNGURAHUA,140,PELILEO,5780,PELILEO,URBANA
18,TUNGURAHUA,140,PELILEO,5900,PELILEO GRA/R.MINO,URBANA
18,TUNGURAHUA,145,PILLARO,295,BAQUERIZO MORENO,RURAL
18,TUNGURAHUA,145,PILLARO,1210,EMILIO MARIA TERAN,RURAL
18,TUNGURAHUA,145,PILLARO,2375,MARCOS ESPINEL,RURAL
18,TUNGURAHUA,145,PILLARO,2945,PRESIDENTE URBINA,RURAL
18,TUNGURAHUA,145,PILLARO,3300,SAN ANDRES,RURAL
18,TUNGURAHUA,145,PILLARO,3485,SAN JOSE DE POALO,RURAL
18,TUNGURAHUA,145,PILLARO,3585,SAN MIGUELITO,RURAL
18,TUNGURAHUA,145,PILLARO,5225,CUIDAD NUEVA,URBANA
18,TUNGURAHUA,145,PILLARO,5785,PILLARO,URBANA
18,TUNGURAHUA,150,BANOS,2270,LLIGUA,RURAL
18,TUNGURAHUA,150,BANOS,3190,RIO NEGRO,RURAL
18,TUNGURAHUA,150,BANOS,3200,RIO VERDE,RURAL
18,TUNGURAHUA,150,BANOS,4135,ULBA,RURAL
18,TUNGURAHUA,150,BANOS,5105,BANOS,URBANA
18,TUNGURAHUA,155,PATATE,2210,LOS ANDES,RURAL
18,TUNGURAHUA,155,PATATE,3885,SUCRE,RURAL
18,TUNGURAHUA,155,PATATE,4110,EL TRIUNFO,RURAL
18,TUNGURAHUA,155,PATATE,5830,PATATE,URBANA
18,TUNGURAHUA,160,QUERO,4310,YANAYACU MOCHAPATA,RURAL
18,TUNGURAHUA,160,QUERO,4550,RUMIPAMBA,RURAL
18,TUNGURAHUA,160,QUERO,5835,QUERO,URBANA
18,TUNGURAHUA,845,CEVALLOS,6555,CEVALLOS,URBANA
18,TUNGURAHUA,850,MOCHA,4555,PINGUILI,RURAL
18,TUNGURAHUA,850,MOCHA,6560,MOCHA,URBANA
19,ZAMORA CHINCHIPE,130,NANGARITZA,1675,ZURMI,RURAL
19,ZAMORA CHINCHIPE,130,NANGARITZA,5520,GUAYZIMI,URBANA
19,ZAMORA CHINCHIPE,655,ZAMORA,720,CUMBARATZA,RURAL
19,ZAMORA CHINCHIPE,655,ZAMORA,1390,GUADALUPE,RURAL
19,ZAMORA CHINCHIPE,655,ZAMORA,1770,SAN CARLOS DE LAS MINAS,RURAL
19,ZAMORA CHINCHIPE,655,ZAMORA,2155,LA VICTORIA DE IMBANA,RURAL
19,ZAMORA CHINCHIPE,655,ZAMORA,3260,SABANILLA,RURAL
19,ZAMORA CHINCHIPE,655,ZAMORA,4010,TIMBARA,RURAL
19,ZAMORA CHINCHIPE,655,ZAMORA,6305,ZAMORA,URBANA
19,ZAMORA CHINCHIPE,655,ZAMORA,6840,LIMON,URBANA
19,ZAMORA CHINCHIPE,660,CHINCHIPE,915,CHITO,RURAL
19,ZAMORA CHINCHIPE,660,CHINCHIPE,1145,EL CHORRO,RURAL
19,ZAMORA CHINCHIPE,660,CHINCHIPE,2015,LA CHONTA,RURAL
19,ZAMORA CHINCHIPE,660,CHINCHIPE,2955,PUCAPAMBA,RURAL
19,ZAMORA CHINCHIPE,660,CHINCHIPE,6315,ZUMBA,URBANA
19,ZAMORA CHINCHIPE,661,PALANDA,1240,EL PORVENIR DEL CA,RURAL
19,ZAMORA CHINCHIPE,661,PALANDA,4195,VALLADOLID,RURAL
19,ZAMORA CHINCHIPE,661,PALANDA,4505,SN FCO DEL VERGEL,RURAL
19,ZAMORA CHINCHIPE,661,PALANDA,6740,PALANDA,URBANA
19,ZAMORA CHINCHIPE,665,YACUAMBI,2070,LA PAZ,RURAL
19,ZAMORA CHINCHIPE,665,YACUAMBI,4105,TUTUPALI,RURAL
19,ZAMORA CHINCHIPE,665,YACUAMBI,6215,28 DE MAYO,URBANA
19,ZAMORA CHINCHIPE,670,YANZATZA,985,CHICANA,RURAL
19,ZAMORA CHINCHIPE,670,YANZATZA,2240,LOS ENCUENTROS,RURAL
19,ZAMORA CHINCHIPE,670,YANZATZA,6295,YANZATZA,URBANA
19,ZAMORA CHINCHIPE,775,EL PANGUI,665,EL GUISMI,RURAL
19,ZAMORA CHINCHIPE,775,EL PANGUI,945,TUNDAYME,RURAL
19,ZAMORA CHINCHIPE,775,EL PANGUI,1015,PACHICUTZA,RURAL
19,ZAMORA CHINCHIPE,775,EL PANGUI,6355,EL PANGUI,URBANA
19,ZAMORA CHINCHIPE,980,CENTINELA DEL CONDOR,1990,PAQUISHA,RURAL
19,ZAMORA CHINCHIPE,980,CENTINELA DEL CONDOR,6625,ZUMBI,URBANA
20,GALAPAGOS,800,SAN CRISTOBAL,1220,EL PROGRESO,RURAL
20,GALAPAGOS,800,SAN CRISTOBAL,4415,ISLA SANTA MARIA,RURAL
20,GALAPAGOS,800,SAN CRISTOBAL,6510,PUERTO BAQUERIZO M,URBANA
20,GALAPAGOS,805,SANTA CRUZ,235,BELLAVISTA,RURAL
20,GALAPAGOS,805,SANTA CRUZ,1985,SANTA ROSA,RURAL
20,GALAPAGOS,805,SANTA CRUZ,6505,PUERTO AYORA,URBANA
20,GALAPAGOS,810,ISABELA,4165,TOMAS DE BERLANGA,RURAL
20,GALAPAGOS,810,ISABELA,6515,PUERTO VILLAMIL,URBANA
21,SUCUMBIOS,625,LAGO AGRIO,1045,DURENO,RURAL
21,SUCUMBIOS,625,LAGO AGRIO,1285,EL ENO,RURAL
21,SUCUMBIOS,625,LAGO AGRIO,1290,PACAYACU,RURAL
21,SUCUMBIOS,625,LAGO AGRIO,1330,GENERAL FARFAN,RURAL
21,SUCUMBIOS,625,LAGO AGRIO,1790,SANTA CECILIA,RURAL
21,SUCUMBIOS,625,LAGO AGRIO,1795,JAMBELI,RURAL
21,SUCUMBIOS,625,LAGO AGRIO,5710,NUEVA LOJA,URBANA
21,SUCUMBIOS,626,CUYABENO,760,CUYABENO,RURAL
21,SUCUMBIOS,626,CUYABENO,1555,AGUAS NEGRAS,RURAL
21,SUCUMBIOS,626,CUYABENO,6765,TARAPOA,URBANA
21,SUCUMBIOS,640,SUCUMBIOS,1170,EL PLAYON DE SAN F,RURAL
21,SUCUMBIOS,640,SUCUMBIOS,2095,LA SOFIA,RURAL
21,SUCUMBIOS,640,SUCUMBIOS,3220,ROSA FLORIDA,RURAL
21,SUCUMBIOS,640,SUCUMBIOS,3690,SANTA BARBARA,RURAL
21,SUCUMBIOS,640,SUCUMBIOS,5525,LA BONITA,URBANA
21,SUCUMBIOS,650,PUTUMAYO,2720,PALMA ROJA,RURAL
21,SUCUMBIOS,650,PUTUMAYO,3005,PUERTO BOLIVAR,RURAL
21,SUCUMBIOS,650,PUTUMAYO,3020,PUERTO RODRIGUEZ,RURAL
21,SUCUMBIOS,650,PUTUMAYO,3705,SANTA ELENA,RURAL
21,SUCUMBIOS,650,PUTUMAYO,6500,EL CARMEN PUTUMAYO,URBANA
21,SUCUMBIOS,720,SHUSHUFINDI,600,SAN PEDRO DE LOS C,RURAL
21,SUCUMBIOS,720,SHUSHUFINDI,780,SIETE DE JULIO,RURAL
21,SUCUMBIOS,720,SHUSHUFINDI,2175,LIMONCOCHA,RURAL
21,SUCUMBIOS,720,SHUSHUFINDI,2765,PANACOCHA,RURAL
21,SUCUMBIOS,720,SHUSHUFINDI,3645,SAN ROQUE,RURAL
21,SUCUMBIOS,720,SHUSHUFINDI,6140,SHUSHUFINDI CENTRA,URBANA
21,SUCUMBIOS,745,CASCALES,1095,SEVILLA,RURAL
21,SUCUMBIOS,745,CASCALES,3750,STA.ROSA DE SUCUMB,RURAL
21,SUCUMBIOS,745,CASCALES,6325,EL DORADO DE CASCA,URBANA
21,SUCUMBIOS,865,GONZALO PIZARRO,230,EL REVENTADOR,RURAL
21,SUCUMBIOS,865,GONZALO PIZARRO,1090,GONZALO PIZARRO,RURAL
21,SUCUMBIOS,865,GONZALO PIZARRO,3615,PUERTO LIBRE,RURAL
21,SUCUMBIOS,865,GONZALO PIZARRO,6300,LUMBAQUI,URBANA
22,ORELLANA,630,AGUARICO,510,CAP.AUGUSTO RIVAD.,RURAL
22,ORELLANA,630,AGUARICO,630,CONONACO,RURAL
22,ORELLANA,630,AGUARICO,3720,STA.MARIA DE HUIR.,RURAL
22,ORELLANA,630,AGUARICO,4020,TIPUTINI,RURAL
22,ORELLANA,630,AGUARICO,4295,YASUNI,RURAL
22,ORELLANA,630,AGUARICO,5700,NUEVO ROCAFUERTE,URBANA
22,ORELLANA,645,FCO.DE ORELLANA,1235,DAYUMA,RURAL
22,ORELLANA,645,FCO.DE ORELLANA,1245,TARACOA,RURAL
22,ORELLANA,645,FCO.DE ORELLANA,1560,EL DORADO,RURAL
22,ORELLANA,645,FCO.DE ORELLANA,1565,INES ARANGO,RURAL
22,ORELLANA,645,FCO.DE ORELLANA,1580,ALEJANDRO LABACA,RURAL
22,ORELLANA,645,FCO.DE ORELLANA,1590,EL EDEN,RURAL
22,ORELLANA,645,FCO.DE ORELLANA,1810,GARCIA MORENO,RURAL
22,ORELLANA,645,FCO.DE ORELLANA,1820,LA BELLEZA,RURAL
22,ORELLANA,645,FCO.DE ORELLANA,1935,SAN LUIS DE ARMENIA,RURAL
22,ORELLANA,645,FCO.DE ORELLANA,1940,NUEVO PARAISO,RURAL
22,ORELLANA,645,FCO.DE ORELLANA,1945,SAN JOSE DE GUAYUSA,RURAL
22,ORELLANA,645,FCO.DE ORELLANA,1995,LABACA,RURAL
22,ORELLANA,645,FCO.DE ORELLANA,5815,PTO.FCO.DE ORELLAN,URBANA
22,ORELLANA,725,JOYA DE LOS SAGCHAS,415,SAN CARLOS,RURAL
22,ORELLANA,725,JOYA DE LOS SAGCHAS,490,ENOKANQUI,RURAL
22,ORELLANA,725,JOYA DE LOS SAGCHAS,1950,RUMIPAMBA,RURAL
22,ORELLANA,725,JOYA DE LOS SAGCHAS,1955,TRES DE NOVIEMBRE,RURAL
22,ORELLANA,725,JOYA DE LOS SAGCHAS,1960,LAGO SAN PEDRO,RURAL
22,ORELLANA,725,JOYA DE LOS SAGCHAS,1965,UNION MILAGRENA,RURAL
22,ORELLANA,725,JOYA DE LOS SAGCHAS,2930,POMPEYA,RURAL
22,ORELLANA,725,JOYA DE LOS SAGCHAS,3660,SAN SEBASTIAN DE C,RURAL
22,ORELLANA,725,JOYA DE LOS SAGCHAS,6200,LA JOYA DE LOS SAC,URBANA
22,ORELLANA,935,LORETO,215,AVILA,RURAL
22,ORELLANA,935,LORETO,400,SAN VICENTE DE HUATICOCHA,RURAL
22,ORELLANA,935,LORETO,1050,PUERTO MURIALDO,RURAL
22,ORELLANA,935,LORETO,1680,SAN JOSE DE DAHUANO,RURAL
22,ORELLANA,935,LORETO,3480,SAN JOSE DE PAYAMINO,RURAL
22,ORELLANA,935,LORETO,6455,LORETO,URBANA
